# Mn3Ga 30 K, SIMULATED: constant-wavelength neutrons (1.54 A), from the magnetic
# model in src/examples/mn3gaMagnetic.ts with mn3ga_30k.instprm. 2theta intensity sigma.
5.0000 406.7443 19.8494
5.0200 387.3985 19.8488
5.0400 410.6571 19.8482
5.0600 402.0658 19.8476
5.0800 410.6391 19.8470
5.1000 405.3342 19.8464
5.1200 416.9838 19.8458
5.1400 377.3412 19.8452
5.1600 463.1912 19.8446
5.1800 386.3082 19.8440
5.2000 369.5098 19.8434
5.2200 395.2337 19.8428
5.2400 393.6102 19.8422
5.2600 372.6997 19.8416
5.2800 398.3124 19.8410
5.3000 389.1660 19.8404
5.3200 405.0555 19.8398
5.3400 376.7296 19.8392
5.3600 416.5111 19.8385
5.3800 366.3955 19.8379
5.4000 390.3262 19.8373
5.4200 409.1469 19.8367
5.4400 397.4761 19.8361
5.4600 347.8605 19.8355
5.4800 365.7174 19.8349
5.5000 394.4692 19.8343
5.5200 372.9310 19.8337
5.5400 402.6679 19.8331
5.5600 416.2058 19.8325
5.5800 393.3191 19.8319
5.6000 369.7058 19.8313
5.6200 406.3393 19.8307
5.6400 387.4292 19.8301
5.6600 359.8577 19.8295
5.6800 384.0263 19.8289
5.7000 406.3535 19.8283
5.7200 383.4065 19.8277
5.7400 427.2215 19.8271
5.7600 399.6081 19.8264
5.7800 424.8090 19.8258
5.8000 407.5135 19.8252
5.8200 392.8843 19.8246
5.8400 376.2385 19.8240
5.8600 363.7033 19.8234
5.8800 362.6055 19.8228
5.9000 424.5100 19.8222
5.9200 389.2147 19.8216
5.9400 372.7307 19.8210
5.9600 383.9421 19.8204
5.9800 396.7869 19.8198
6.0000 381.7557 19.8192
6.0200 389.3497 19.8186
6.0400 359.9323 19.8180
6.0600 388.6318 19.8174
6.0800 409.4751 19.8168
6.1000 405.1158 19.8162
6.1200 430.2886 19.8155
6.1400 363.8384 19.8149
6.1600 421.6580 19.8143
6.1800 413.1505 19.8137
6.2000 400.0504 19.8131
6.2200 385.3772 19.8125
6.2400 427.3910 19.8119
6.2600 388.5643 19.8113
6.2800 393.3751 19.8107
6.3000 384.5057 19.8101
6.3200 387.6917 19.8095
6.3400 420.6069 19.8089
6.3600 394.1257 19.8083
6.3800 387.7651 19.8077
6.4000 378.1843 19.8071
6.4200 426.6721 19.8065
6.4400 454.6694 19.8059
6.4600 353.5511 19.8053
6.4800 383.0009 19.8046
6.5000 392.3228 19.8040
6.5200 385.6882 19.8034
6.5400 351.8926 19.8028
6.5600 380.6483 19.8022
6.5800 413.8161 19.8016
6.6000 374.1712 19.8010
6.6200 369.2683 19.8004
6.6400 406.4998 19.7998
6.6600 395.6130 19.7992
6.6800 386.4000 19.7986
6.7000 373.8296 19.7980
6.7200 362.1121 19.7974
6.7400 380.0711 19.7968
6.7600 378.8694 19.7962
6.7800 399.1622 19.7956
6.8000 404.0561 19.7949
6.8200 406.7431 19.7943
6.8400 427.8230 19.7937
6.8600 399.7761 19.7931
6.8800 408.5929 19.7925
6.9000 399.6057 19.7919
6.9200 406.4563 19.7913
6.9400 396.8575 19.7907
6.9600 415.7307 19.7901
6.9800 394.2781 19.7895
7.0000 414.1527 19.7889
7.0200 388.5985 19.7883
7.0400 387.1177 19.7877
7.0600 352.5114 19.7871
7.0800 404.3532 19.7865
7.1000 361.3074 19.7859
7.1200 428.1046 19.7852
7.1400 388.0109 19.7846
7.1600 408.7018 19.7840
7.1800 436.5103 19.7834
7.2000 362.6447 19.7828
7.2200 422.3860 19.7822
7.2400 387.9982 19.7816
7.2600 395.0649 19.7810
7.2800 399.2400 19.7804
7.3000 372.5073 19.7798
7.3200 393.4439 19.7792
7.3400 395.2862 19.7786
7.3600 381.3244 19.7780
7.3800 450.1306 19.7774
7.4000 383.0309 19.7768
7.4200 365.1428 19.7761
7.4400 400.5581 19.7755
7.4600 432.7373 19.7749
7.4800 369.0340 19.7743
7.5000 380.6629 19.7737
7.5200 411.4988 19.7731
7.5400 363.7673 19.7725
7.5600 413.8393 19.7719
7.5800 431.1309 19.7713
7.6000 380.8193 19.7707
7.6200 405.7817 19.7701
7.6400 368.5593 19.7695
7.6600 345.5855 19.7689
7.6800 391.0128 19.7683
7.7000 403.0225 19.7677
7.7200 399.3674 19.7670
7.7400 418.0535 19.7664
7.7600 383.5022 19.7658
7.7800 413.2885 19.7652
7.8000 403.5169 19.7646
7.8200 371.9755 19.7640
7.8400 396.9347 19.7634
7.8600 409.5849 19.7628
7.8800 374.4785 19.7622
7.9000 383.4092 19.7616
7.9200 402.6448 19.7610
7.9400 400.3599 19.7604
7.9600 394.8682 19.7598
7.9800 359.0735 19.7591
8.0000 436.3503 19.7585
8.0200 395.5672 19.7579
8.0400 437.6333 19.7573
8.0600 381.5192 19.7567
8.0800 384.0328 19.7561
8.1000 413.7968 19.7555
8.1200 373.5900 19.7549
8.1400 410.5890 19.7543
8.1600 395.9063 19.7537
8.1800 417.6996 19.7531
8.2000 416.0276 19.7525
8.2200 416.8910 19.7519
8.2400 422.9064 19.7513
8.2600 413.8811 19.7506
8.2800 407.7903 19.7500
8.3000 382.2375 19.7494
8.3200 364.2752 19.7488
8.3400 387.4562 19.7482
8.3600 389.1412 19.7476
8.3800 387.1694 19.7470
8.4000 373.9815 19.7464
8.4200 412.7485 19.7458
8.4400 394.2295 19.7452
8.4600 410.2100 19.7446
8.4800 399.5602 19.7440
8.5000 387.5655 19.7434
8.5200 381.6357 19.7427
8.5400 403.5612 19.7421
8.5600 411.0233 19.7415
8.5800 369.2993 19.7409
8.6000 365.3193 19.7403
8.6200 447.2720 19.7397
8.6400 397.5281 19.7391
8.6600 391.8443 19.7385
8.6800 395.4296 19.7379
8.7000 424.3021 19.7373
8.7200 421.5575 19.7367
8.7400 376.2098 19.7361
8.7600 410.1674 19.7355
8.7800 349.4185 19.7348
8.8000 380.8714 19.7342
8.8200 375.6192 19.7336
8.8400 381.1290 19.7330
8.8600 392.9372 19.7324
8.8800 388.7783 19.7318
8.9000 380.0651 19.7312
8.9200 391.3396 19.7306
8.9400 373.1237 19.7300
8.9600 369.1923 19.7294
8.9800 392.1796 19.7288
9.0000 407.5089 19.7282
9.0200 374.5089 19.7275
9.0400 405.7672 19.7269
9.0600 389.4072 19.7263
9.0800 365.8875 19.7257
9.1000 393.8402 19.7251
9.1200 381.7345 19.7245
9.1400 406.0749 19.7239
9.1600 388.8029 19.7233
9.1800 373.5301 19.7227
9.2000 375.6418 19.7221
9.2200 385.3795 19.7215
9.2400 369.4595 19.7209
9.2600 353.4188 19.7202
9.2800 376.3435 19.7196
9.3000 384.2130 19.7190
9.3200 400.5738 19.7184
9.3400 408.6654 19.7178
9.3600 383.2985 19.7172
9.3800 353.6202 19.7166
9.4000 379.8417 19.7160
9.4200 380.2699 19.7154
9.4400 395.1540 19.7148
9.4600 383.9534 19.7142
9.4800 391.8474 19.7135
9.5000 403.4550 19.7129
9.5200 407.6925 19.7123
9.5400 393.9986 19.7117
9.5600 408.6553 19.7111
9.5800 382.4599 19.7105
9.6000 360.9974 19.7099
9.6200 419.6490 19.7093
9.6400 387.2983 19.7087
9.6600 399.7088 19.7081
9.6800 370.5300 19.7075
9.7000 334.1900 19.7069
9.7200 392.8687 19.7062
9.7400 382.6344 19.7056
9.7600 366.8773 19.7050
9.7800 392.5800 19.7044
9.8000 378.1766 19.7038
9.8200 375.6108 19.7032
9.8400 397.9510 19.7026
9.8600 370.7243 19.7020
9.8800 370.4034 19.7014
9.9000 402.1938 19.7008
9.9200 395.0452 19.7002
9.9400 379.3746 19.6995
9.9600 389.1739 19.6989
9.9800 391.6880 19.6983
10.0000 386.0828 19.6977
10.0200 396.9033 19.6971
10.0400 413.0533 19.6965
10.0600 405.0285 19.6959
10.0800 416.3525 19.6953
10.1000 381.2245 19.6947
10.1200 396.8466 19.6941
10.1400 379.0354 19.6935
10.1600 353.1130 19.6928
10.1800 395.4314 19.6922
10.2000 355.2718 19.6916
10.2200 389.7263 19.6910
10.2400 383.8277 19.6904
10.2600 353.9648 19.6898
10.2800 389.0875 19.6892
10.3000 399.2634 19.6886
10.3200 384.9495 19.6880
10.3400 363.0154 19.6874
10.3600 373.3718 19.6867
10.3800 411.3710 19.6861
10.4000 395.5889 19.6855
10.4200 383.1718 19.6849
10.4400 382.4467 19.6843
10.4600 396.0738 19.6837
10.4800 410.0427 19.6831
10.5000 350.9885 19.6825
10.5200 372.7861 19.6819
10.5400 395.2097 19.6813
10.5600 392.2072 19.6807
10.5800 393.6576 19.6800
10.6000 382.9658 19.6794
10.6200 407.8549 19.6788
10.6400 418.8859 19.6782
10.6600 371.4248 19.6776
10.6800 387.2559 19.6770
10.7000 405.8316 19.6764
10.7200 390.3005 19.6758
10.7400 419.5877 19.6752
10.7600 348.7925 19.6746
10.7800 370.5438 19.6739
10.8000 381.8703 19.6733
10.8200 399.1712 19.6727
10.8400 393.9684 19.6721
10.8600 402.3301 19.6715
10.8800 363.1983 19.6709
10.9000 357.8506 19.6703
10.9200 407.2536 19.6697
10.9400 415.5388 19.6691
10.9600 386.3093 19.6685
10.9800 403.3650 19.6678
11.0000 393.4977 19.6672
11.0200 410.1971 19.6666
11.0400 367.2908 19.6660
11.0600 394.5030 19.6654
11.0800 363.6425 19.6648
11.1000 394.1398 19.6642
11.1200 327.6141 19.6636
11.1400 353.1576 19.6630
11.1600 387.3125 19.6623
11.1800 394.2411 19.6617
11.2000 407.7783 19.6611
11.2200 364.8713 19.6605
11.2400 359.2512 19.6599
11.2600 382.3823 19.6593
11.2800 375.5248 19.6587
11.3000 385.6665 19.6581
11.3200 395.0741 19.6575
11.3400 396.1652 19.6569
11.3600 359.7300 19.6562
11.3800 420.8569 19.6556
11.4000 368.7400 19.6550
11.4200 397.3045 19.6544
11.4400 399.3764 19.6538
11.4600 416.3812 19.6532
11.4800 422.7171 19.6526
11.5000 367.4861 19.6520
11.5200 431.5500 19.6514
11.5400 393.5066 19.6508
11.5600 375.1464 19.6501
11.5800 379.6905 19.6495
11.6000 394.7661 19.6489
11.6200 371.6525 19.6483
11.6400 415.0143 19.6477
11.6600 369.8040 19.6471
11.6800 370.0369 19.6465
11.7000 350.9961 19.6459
11.7200 412.4376 19.6453
11.7400 382.5036 19.6446
11.7600 396.6801 19.6440
11.7800 393.1812 19.6434
11.8000 386.6609 19.6428
11.8200 394.6852 19.6422
11.8400 376.9121 19.6416
11.8600 374.0723 19.6410
11.8800 365.1964 19.6404
11.9000 412.0900 19.6398
11.9200 353.6339 19.6391
11.9400 388.1584 19.6385
11.9600 410.7285 19.6379
11.9800 393.7430 19.6373
12.0000 352.9817 19.6367
12.0200 415.4444 19.6361
12.0400 374.0434 19.6355
12.0600 373.1366 19.6349
12.0800 384.5314 19.6343
12.1000 360.2039 19.6336
12.1200 404.3929 19.6330
12.1400 374.0114 19.6324
12.1600 407.7045 19.6318
12.1800 434.4506 19.6312
12.2000 403.7581 19.6306
12.2200 388.3815 19.6300
12.2400 393.2320 19.6294
12.2600 366.8479 19.6288
12.2800 363.6737 19.6281
12.3000 396.4071 19.6275
12.3200 388.0413 19.6269
12.3400 408.4482 19.6263
12.3600 351.0873 19.6257
12.3800 403.6975 19.6251
12.4000 384.3590 19.6245
12.4200 364.5924 19.6239
12.4400 396.0227 19.6233
12.4600 345.2961 19.6226
12.4800 405.4333 19.6220
12.5000 416.2246 19.6214
12.5200 361.0245 19.6208
12.5400 392.0783 19.6202
12.5600 381.2418 19.6196
12.5800 366.8845 19.6190
12.6000 384.8103 19.6184
12.6200 362.5405 19.6177
12.6400 386.7817 19.6171
12.6600 367.7203 19.6165
12.6800 429.5254 19.6159
12.7000 394.5977 19.6153
12.7200 408.7350 19.6147
12.7400 360.4896 19.6141
12.7600 370.0282 19.6135
12.7800 419.3451 19.6129
12.8000 380.3961 19.6122
12.8200 411.8830 19.6116
12.8400 376.8929 19.6110
12.8600 366.3761 19.6104
12.8800 413.4408 19.6098
12.9000 376.8826 19.6092
12.9200 375.0530 19.6086
12.9400 394.2352 19.6080
12.9600 391.8015 19.6073
12.9800 373.0471 19.6067
13.0000 395.8494 19.6061
13.0200 398.1550 19.6055
13.0400 364.1473 19.6049
13.0600 359.1959 19.6043
13.0800 361.3689 19.6037
13.1000 377.2182 19.6031
13.1200 370.0036 19.6024
13.1400 377.3493 19.6018
13.1600 379.6371 19.6012
13.1800 393.8278 19.6006
13.2000 442.6272 19.6000
13.2200 420.6806 19.5994
13.2400 384.6291 19.5988
13.2600 399.2002 19.5982
13.2800 369.9075 19.5976
13.3000 394.4907 19.5969
13.3200 354.4808 19.5963
13.3400 372.6036 19.5957
13.3600 372.0293 19.5951
13.3800 402.5209 19.5945
13.4000 396.9604 19.5939
13.4200 369.7827 19.5933
13.4400 388.3764 19.5927
13.4600 397.1087 19.5920
13.4800 406.1958 19.5914
13.5000 393.1508 19.5908
13.5200 366.4354 19.5902
13.5400 385.3958 19.5896
13.5600 364.3174 19.5890
13.5800 400.0239 19.5884
13.6000 395.7378 19.5878
13.6200 395.8129 19.5871
13.6400 396.5237 19.5865
13.6600 403.9332 19.5859
13.6800 356.4705 19.5853
13.7000 402.2193 19.5847
13.7200 397.4899 19.5841
13.7400 372.7185 19.5835
13.7600 381.1326 19.5828
13.7800 383.2967 19.5822
13.8000 393.1327 19.5816
13.8200 373.8448 19.5810
13.8400 365.8462 19.5804
13.8600 406.8125 19.5798
13.8800 412.0047 19.5792
13.9000 395.5496 19.5786
13.9200 376.9559 19.5779
13.9400 422.0627 19.5773
13.9600 425.1047 19.5767
13.9800 392.0760 19.5761
14.0000 375.6420 19.5755
14.0200 393.7509 19.5749
14.0400 369.2807 19.5743
14.0600 354.8113 19.5737
14.0800 372.7523 19.5730
14.1000 381.8575 19.5724
14.1200 388.3093 19.5718
14.1400 403.7804 19.5712
14.1600 393.7641 19.5706
14.1800 415.1545 19.5700
14.2000 332.2772 19.5694
14.2200 398.5930 19.5688
14.2400 366.7668 19.5681
14.2600 377.2767 19.5675
14.2800 359.0632 19.5669
14.3000 395.4870 19.5663
14.3200 342.8606 19.5657
14.3400 381.8497 19.5651
14.3600 348.9724 19.5645
14.3800 372.0972 19.5638
14.4000 395.8777 19.5632
14.4200 409.0800 19.5626
14.4400 360.7682 19.5620
14.4600 391.3798 19.5614
14.4800 390.4338 19.5608
14.5000 407.6311 19.5602
14.5200 371.8770 19.5596
14.5400 370.4442 19.5589
14.5600 381.7916 19.5583
14.5800 399.1238 19.5577
14.6000 360.7191 19.5571
14.6200 373.7127 19.5565
14.6400 355.2492 19.5559
14.6600 345.2113 19.5553
14.6800 380.1878 19.5546
14.7000 385.0896 19.5540
14.7200 383.4339 19.5534
14.7400 359.4949 19.5528
14.7600 384.7506 19.5522
14.7800 387.0620 19.5516
14.8000 358.3808 19.5510
14.8200 402.1385 19.5503
14.8400 394.7566 19.5497
14.8600 399.7653 19.5491
14.8800 381.3453 19.5485
14.9000 378.4825 19.5479
14.9200 368.7512 19.5473
14.9400 368.5025 19.5467
14.9600 349.1781 19.5460
14.9800 364.3382 19.5454
15.0000 403.1171 19.5448
15.0200 384.7459 19.5442
15.0400 374.8896 19.5436
15.0600 395.3130 19.5430
15.0800 362.6255 19.5424
15.1000 401.7395 19.5418
15.1200 385.0308 19.5411
15.1400 346.9525 19.5405
15.1600 395.8168 19.5399
15.1800 428.5041 19.5393
15.2000 413.2249 19.5387
15.2200 404.0731 19.5381
15.2400 372.3965 19.5375
15.2600 359.7170 19.5368
15.2800 359.4203 19.5362
15.3000 398.9540 19.5356
15.3200 405.2342 19.5350
15.3400 376.7233 19.5344
15.3600 386.8769 19.5338
15.3800 402.3373 19.5332
15.4000 423.1895 19.5325
15.4200 361.3688 19.5319
15.4400 395.7822 19.5313
15.4600 378.5226 19.5307
15.4800 380.6380 19.5301
15.5000 414.2203 19.5295
15.5200 412.3895 19.5289
15.5400 407.1689 19.5282
15.5600 374.7325 19.5276
15.5800 372.3101 19.5270
15.6000 377.8802 19.5264
15.6200 387.3075 19.5258
15.6400 382.3820 19.5252
15.6600 384.2096 19.5245
15.6800 386.9682 19.5239
15.7000 387.6208 19.5233
15.7200 371.1379 19.5227
15.7400 348.0242 19.5221
15.7600 356.0098 19.5215
15.7800 395.3276 19.5209
15.8000 354.7668 19.5202
15.8200 382.6539 19.5196
15.8400 366.4121 19.5190
15.8600 342.7161 19.5184
15.8800 361.5853 19.5178
15.9000 418.2888 19.5172
15.9200 392.2228 19.5166
15.9400 397.9908 19.5159
15.9600 379.9029 19.5153
15.9800 379.7148 19.5147
16.0000 355.6114 19.5141
16.0200 342.8841 19.5135
16.0400 379.9353 19.5129
16.0600 380.7947 19.5123
16.0800 346.6529 19.5116
16.1000 392.2982 19.5110
16.1200 371.6095 19.5104
16.1400 389.2539 19.5098
16.1600 403.7964 19.5092
16.1800 373.9769 19.5086
16.2000 335.5996 19.5079
16.2200 390.0912 19.5073
16.2400 361.2681 19.5067
16.2600 347.2675 19.5061
16.2800 369.4357 19.5055
16.3000 396.5396 19.5049
16.3200 392.1044 19.5043
16.3400 391.8596 19.5036
16.3600 346.5897 19.5030
16.3800 397.1654 19.5024
16.4000 384.3575 19.5066
16.4200 393.9828 19.5061
16.4400 399.0751 19.5055
16.4600 369.8922 19.5050
16.4800 410.2045 19.5045
16.5000 391.2644 19.5040
16.5200 385.0564 19.5034
16.5400 366.5876 19.5029
16.5600 373.6664 19.5024
16.5800 362.6235 19.5019
16.6000 386.2166 19.5014
16.6200 423.5226 19.5009
16.6400 371.1250 19.5004
16.6600 432.3506 19.4999
16.6800 360.0712 19.4994
16.7000 383.0721 19.4989
16.7200 409.7079 19.4984
16.7400 357.7341 19.4979
16.7600 362.6597 19.5004
16.7800 361.2167 19.5059
16.8000 384.0372 19.5056
16.8200 388.3632 19.5053
16.8400 351.7791 19.5050
16.8600 377.8123 19.5047
16.8800 365.0521 19.5044
16.9000 378.7147 19.5042
16.9200 398.7014 19.5039
16.9400 398.7437 19.5036
16.9600 385.6760 19.5034
16.9800 368.1815 19.5032
17.0000 381.6698 19.5029
17.0200 373.3790 19.5027
17.0400 390.3408 19.5025
17.0600 408.5618 19.5024
17.0800 386.0116 19.5022
17.1000 373.5355 19.5021
17.1200 405.7108 19.5019
17.1400 378.6134 19.5018
17.1600 362.3999 19.5017
17.1800 399.7562 19.5016
17.2000 369.8867 19.5016
17.2200 391.9000 19.5015
17.2400 381.2857 19.5015
17.2600 382.0763 19.5015
17.2800 368.1605 19.5015
17.3000 383.4393 19.5016
17.3200 398.3705 19.5016
17.3400 395.3587 19.5017
17.3600 391.1474 19.5019
17.3800 374.3048 19.5020
17.4000 362.7133 19.5022
17.4200 333.0195 19.5024
17.4400 367.8826 19.5027
17.4600 390.4310 19.5029
17.4800 422.9994 19.5033
17.5000 365.4496 19.5036
17.5200 356.3992 19.5040
17.5400 396.2680 19.5045
17.5600 364.5759 19.5050
17.5800 384.7014 19.5056
17.6000 351.7815 19.5062
17.6200 376.2513 19.5068
17.6400 380.0077 19.5076
17.6600 390.6033 19.5084
17.6800 383.1452 19.5092
17.7000 377.7732 19.5102
17.7200 402.6563 19.5112
17.7400 380.4085 19.5123
17.7600 402.6166 19.5135
17.7800 366.8845 19.5148
17.8000 381.6400 19.5162
17.8200 376.9674 19.5177
17.8400 373.4656 19.5193
17.8600 370.1438 19.5211
17.8800 366.5859 19.5231
17.9000 362.3313 19.5251
17.9200 348.5522 19.5274
17.9400 389.4460 19.5298
17.9600 393.3913 19.5325
17.9800 383.1849 19.5353
18.0000 361.9800 19.5385
18.0200 341.6139 19.5418
18.0400 378.1994 19.5455
18.0600 384.3973 19.5495
18.0800 389.3804 19.5539
18.1000 356.7693 19.5587
18.1200 405.1500 19.5639
18.1400 341.9756 19.5696
18.1600 390.8578 19.5759
18.1800 355.9984 19.5828
18.2000 396.7542 19.5905
18.2200 358.7278 19.5989
18.2400 391.1164 19.6083
18.2600 385.3852 19.6188
18.2800 390.4857 19.6305
18.3000 398.0347 19.6437
18.3200 387.6402 19.6585
18.3400 363.1308 19.6753
18.3600 403.5538 19.6945
18.3800 403.3666 19.7164
18.4000 397.0232 19.7418
18.4200 398.8218 19.7713
18.4400 416.4733 19.8059
18.4600 398.4879 19.8469
18.4800 392.3916 19.8959
18.5000 408.4960 19.9556
18.5200 390.3476 20.0305
18.5400 400.4038 20.1326
18.5600 415.1846 20.3015
18.5800 429.6773 20.6662
18.6000 441.7373 21.5823
18.6200 534.2257 23.7847
18.6400 824.0229 28.2353
18.6600 1271.5268 35.4438
18.6800 2057.1173 44.8845
18.7000 3028.6529 55.0599
18.7200 4103.5980 63.9259
18.7400 4654.5320 69.4096
18.7600 4883.1647 70.0223
18.7800 4348.4041 65.5875
18.8000 3341.8913 57.3580
18.8200 2200.1426 47.3424
18.8400 1427.2147 37.6518
18.8600 907.2731 29.9661
18.8800 627.8859 25.0641
18.9000 528.9700 22.6427
18.9200 498.3331 21.8205
18.9400 422.2581 21.9809
18.9600 575.0670 23.2184
18.9800 754.3383 26.3517
19.0000 1046.0758 32.4564
19.0200 1757.6595 41.9915
19.0400 2936.4173 54.3055
19.0600 4550.8225 67.7503
19.0800 6238.6051 80.0211
19.1000 7762.2847 88.6374
19.1200 8452.0833 91.6196
19.1400 7893.0548 88.1754
19.1600 6290.6692 79.0980
19.1800 4363.6182 66.4687
19.2000 2813.8862 52.8342
19.2200 1573.7082 40.5336
19.2400 999.2494 31.1998
19.2600 672.2746 25.3796
19.2800 466.1318 22.4474
19.3000 451.3809 21.1994
19.3200 435.9509 20.6840
19.3400 444.0895 20.4332
19.3600 436.3849 20.2759
19.3800 419.8107 20.1588
19.4000 387.2484 20.0652
19.4200 395.9735 19.9882
19.4400 366.0476 19.9240
19.4600 412.3145 19.8699
19.4800 379.7902 19.8237
19.5000 392.7586 19.7841
19.5200 396.8273 19.7498
19.5400 385.9289 19.7199
19.5600 390.9046 19.6936
19.5800 395.7066 19.6704
19.6000 368.0617 19.6498
19.6200 361.8791 19.6314
19.6400 408.9331 19.6149
19.6600 375.1650 19.6000
19.6800 391.3295 19.5865
19.7000 403.9017 19.5743
19.7200 379.9123 19.5631
19.7400 396.6977 19.5529
19.7600 361.1937 19.5435
19.7800 404.1099 19.5349
19.8000 411.9393 19.5269
19.8200 382.0490 19.5195
19.8400 424.1117 19.5126
19.8600 365.8484 19.5062
19.8800 372.0509 19.5002
19.9000 370.3935 19.4946
19.9200 356.1106 19.4894
19.9400 375.9836 19.4844
19.9600 363.2616 19.4798
19.9800 366.5650 19.4754
20.0000 373.0187 19.4713
20.0200 390.1142 19.4674
20.0400 365.2191 19.4636
20.0600 396.0461 19.4601
20.0800 374.8567 19.4567
20.1000 400.4244 19.4535
20.1200 380.9498 19.4505
20.1400 373.1584 19.4476
20.1600 368.5999 19.4448
20.1800 392.6120 19.4421
20.2000 414.2393 19.4395
20.2200 352.1564 19.4370
20.2400 370.5828 19.4346
20.2600 362.7983 19.4323
20.2800 354.2055 19.4301
20.3000 396.7084 19.4280
20.3200 338.0236 19.4259
20.3400 367.2354 19.4239
20.3600 387.5681 19.4220
20.3800 359.6413 19.4201
20.4000 422.1275 19.4183
20.4200 385.2046 19.4165
20.4400 345.5782 19.4148
20.4600 362.9406 19.4131
20.4800 354.5845 19.4115
20.5000 373.1963 19.4099
20.5200 354.8229 19.4084
20.5400 377.0200 19.4069
20.5600 364.8145 19.4054
20.5800 375.5796 19.4039
20.6000 387.2502 19.4025
20.6200 356.5783 19.4012
20.6400 407.8010 19.3998
20.6600 354.5200 19.3985
20.6800 379.2076 19.3972
20.7000 406.9347 19.3959
20.7200 375.7647 19.3946
20.7400 370.5356 19.3934
20.7600 392.5432 19.3922
20.7800 339.8660 19.3910
20.8000 383.2313 19.3899
20.8200 376.1784 19.3887
20.8400 374.2498 19.3876
20.8600 354.3199 19.3865
20.8800 399.6215 19.3854
20.9000 398.3275 19.3843
20.9200 352.2064 19.3832
20.9400 358.8519 19.3821
20.9600 414.5950 19.3811
20.9800 367.7050 19.3801
21.0000 347.0089 19.3791
21.0200 395.4105 19.3780
21.0400 376.0163 19.3771
21.0600 363.8570 19.3761
21.0800 350.8156 19.3751
21.1000 382.9806 19.3741
21.1200 381.9843 19.3684
21.1400 338.2264 19.3676
21.1600 350.7351 19.3667
21.1800 367.7835 19.3659
21.2000 370.6144 19.3650
21.2200 370.8069 19.3642
21.2400 359.7312 19.3633
21.2600 377.2944 19.3625
21.2800 423.8113 19.3617
21.3000 395.6771 19.3609
21.3200 357.7639 19.3601
21.3400 346.7216 19.3593
21.3600 394.2577 19.3585
21.3800 391.7548 19.3577
21.4000 384.5608 19.3569
21.4200 355.6871 19.3561
21.4400 350.7312 19.3553
21.4600 373.7444 19.3516
21.4800 396.3711 19.3509
21.5000 363.9610 19.3442
21.5200 381.9679 19.3436
21.5400 355.6027 19.3430
21.5600 354.2044 19.3424
21.5800 355.4166 19.3418
21.6000 353.6370 19.3411
21.6200 379.1916 19.3405
21.6400 412.0072 19.3399
21.6600 380.1104 19.3393
21.6800 375.6110 19.3387
21.7000 406.6087 19.3380
21.7200 362.6427 19.3374
21.7400 370.8960 19.3368
21.7600 386.0561 19.3362
21.7800 394.3134 19.3356
21.8000 386.5406 19.3349
21.8200 394.2005 19.3343
21.8400 354.3190 19.3337
21.8600 362.3817 19.3331
21.8800 389.4269 19.3325
21.9000 379.9209 19.3318
21.9200 356.7229 19.3312
21.9400 359.4940 19.3306
21.9600 369.7907 19.3300
21.9800 329.1014 19.3294
22.0000 395.9043 19.3287
22.0200 363.1343 19.3281
22.0400 374.7525 19.3275
22.0600 356.2188 19.3269
22.0800 361.1828 19.3263
22.1000 385.0423 19.3256
22.1200 382.7472 19.3250
22.1400 380.5965 19.3244
22.1600 380.2932 19.3238
22.1800 395.2942 19.3231
22.2000 340.3227 19.3225
22.2200 355.2166 19.3219
22.2400 380.7987 19.3213
22.2600 386.7634 19.3207
22.2800 360.1760 19.3200
22.3000 368.4050 19.3194
22.3200 349.3933 19.3188
22.3400 363.0732 19.3182
22.3600 357.9234 19.3176
22.3800 392.5102 19.3169
22.4000 335.9298 19.3163
22.4200 374.6414 19.3157
22.4400 381.9625 19.3151
22.4600 379.1006 19.3145
22.4800 385.8010 19.3138
22.5000 347.7175 19.3132
22.5200 350.8883 19.3126
22.5400 381.4646 19.3120
22.5600 408.4613 19.3113
22.5800 365.9761 19.3107
22.6000 389.2636 19.3101
22.6200 366.9838 19.3095
22.6400 362.9664 19.3089
22.6600 373.8333 19.3082
22.6800 357.1367 19.3076
22.7000 383.6500 19.3070
22.7200 399.2074 19.3064
22.7400 355.3461 19.3058
22.7600 380.3411 19.3051
22.7800 369.4003 19.3045
22.8000 384.0059 19.3039
22.8200 343.9238 19.3033
22.8400 384.6460 19.3026
22.8600 363.0133 19.3020
22.8800 342.4614 19.3014
22.9000 365.1914 19.3008
22.9200 376.7194 19.3002
22.9400 394.6998 19.2995
22.9600 364.1950 19.2989
22.9800 375.1951 19.2983
23.0000 357.8472 19.2977
23.0200 382.2009 19.2970
23.0400 393.5822 19.2964
23.0600 341.6858 19.2958
23.0800 370.3754 19.2952
23.1000 415.3865 19.2946
23.1200 381.7265 19.2939
23.1400 359.0034 19.2933
23.1600 376.0310 19.2927
23.1800 369.4682 19.2921
23.2000 378.2240 19.2914
23.2200 343.3947 19.2908
23.2400 403.2583 19.2902
23.2600 382.0582 19.2896
23.2800 389.6034 19.2890
23.3000 378.9152 19.2883
23.3200 367.7115 19.2877
23.3400 344.6499 19.2871
23.3600 349.3275 19.2865
23.3800 376.9369 19.2858
23.4000 406.7622 19.2852
23.4200 388.4745 19.2846
23.4400 390.3993 19.2840
23.4600 376.2362 19.2834
23.4800 404.0244 19.2827
23.5000 375.9054 19.2821
23.5200 320.5826 19.2815
23.5400 362.3337 19.2809
23.5600 364.6366 19.2802
23.5800 364.8784 19.2796
23.6000 401.6914 19.2790
23.6200 383.1438 19.2784
23.6400 419.0394 19.2778
23.6600 358.7855 19.2771
23.6800 370.5192 19.2765
23.7000 382.5970 19.2759
23.7200 360.0475 19.2753
23.7400 315.6751 19.2746
23.7600 370.3085 19.2740
23.7800 358.7620 19.2734
23.8000 393.3989 19.2728
23.8200 402.6697 19.2722
23.8400 396.3315 19.2715
23.8600 353.2535 19.2709
23.8800 342.0751 19.2703
23.9000 383.9909 19.2697
23.9200 401.9625 19.2690
23.9400 403.1277 19.2684
23.9600 405.7410 19.2678
23.9800 420.7292 19.2672
24.0000 354.7671 19.2666
24.0200 383.1655 19.2659
24.0400 350.3687 19.2653
24.0600 422.1066 19.2647
24.0800 408.9364 19.2641
24.1000 415.3683 19.2634
24.1200 391.9952 19.2628
24.1400 376.5469 19.2622
24.1600 365.1444 19.2616
24.1800 377.7522 19.2609
24.2000 399.2471 19.2603
24.2200 385.2725 19.2597
24.2400 361.0148 19.2591
24.2600 364.4955 19.2585
24.2800 338.3247 19.2578
24.3000 355.0177 19.2572
24.3200 380.6088 19.2566
24.3400 361.9726 19.2560
24.3600 419.1849 19.2553
24.3800 397.5058 19.2547
24.4000 375.7569 19.2541
24.4200 373.1264 19.2535
24.4400 391.4038 19.2528
24.4600 377.1337 19.2522
24.4800 342.0192 19.2516
24.5000 403.9491 19.2510
24.5200 370.7193 19.2504
24.5400 313.3021 19.2497
24.5600 377.4736 19.2491
24.5800 378.5527 19.2485
24.6000 358.3197 19.2479
24.6200 372.7584 19.2472
24.6400 357.0210 19.2466
24.6600 358.6381 19.2460
24.6800 379.4641 19.2454
24.7000 389.9440 19.2447
24.7200 379.2674 19.2441
24.7400 354.4881 19.2435
24.7600 376.5370 19.2429
24.7800 370.7659 19.2422
24.8000 388.7362 19.2416
24.8200 355.7178 19.2410
24.8400 372.7179 19.2404
24.8600 364.9820 19.2398
24.8800 359.8839 19.2391
24.9000 380.9577 19.2385
24.9200 381.4907 19.2379
24.9400 367.9829 19.2373
24.9600 366.8189 19.2366
24.9800 377.1438 19.2360
25.0000 337.5396 19.2354
25.0200 385.3477 19.2348
25.0400 357.7277 19.2341
25.0600 364.2740 19.2335
25.0800 368.3689 19.2329
25.1000 392.4024 19.2323
25.1200 336.1627 19.2316
25.1400 364.7309 19.2310
25.1600 386.6805 19.2304
25.1800 369.7684 19.2298
25.2000 348.1895 19.2291
25.2200 355.2193 19.2285
25.2400 350.2858 19.2279
25.2600 377.6753 19.2273
25.2800 366.0008 19.2266
25.3000 348.7594 19.2260
25.3200 346.6160 19.2254
25.3400 352.7581 19.2248
25.3600 370.9677 19.2242
25.3800 374.0800 19.2235
25.4000 378.1238 19.2229
25.4200 385.7765 19.2223
25.4400 384.4472 19.2217
25.4600 368.2098 19.2210
25.4800 417.5136 19.2204
25.5000 353.0544 19.2198
25.5200 369.7152 19.2192
25.5400 343.9851 19.2344
25.5600 386.2796 19.2340
25.5800 379.4585 19.2337
25.6000 332.7434 19.2333
25.6200 411.5188 19.2330
25.6400 404.7903 19.2327
25.6600 379.3774 19.2324
25.6800 349.2206 19.2321
25.7000 359.8106 19.2318
25.7200 416.9316 19.2315
25.7400 383.1290 19.2312
25.7600 361.6672 19.2309
25.7800 402.6186 19.2515
25.8000 355.2421 19.2813
25.8200 384.2469 19.2820
25.8400 366.3323 19.2827
25.8600 362.5083 19.2834
25.8800 380.0706 19.2842
25.9000 375.9059 19.2849
25.9200 407.2926 19.2858
25.9400 369.5380 19.2867
25.9600 336.7294 19.2876
25.9800 360.4784 19.2886
26.0000 370.0591 19.2896
26.0200 380.7920 19.2906
26.0400 407.9500 19.2918
26.0600 366.9451 19.2929
26.0800 391.7327 19.2941
26.1000 363.1887 19.2954
26.1200 392.7849 19.2968
26.1400 377.7129 19.2982
26.1600 375.6845 19.2996
26.1800 380.0247 19.3012
26.2000 352.1693 19.3028
26.2200 383.7046 19.3044
26.2400 375.8320 19.3062
26.2600 374.0179 19.3080
26.2800 393.1535 19.3099
26.3000 378.4839 19.3120
26.3200 377.3230 19.3140
26.3400 406.1763 19.3162
26.3600 362.1626 19.3185
26.3800 371.9584 19.3209
26.4000 369.4389 19.3234
26.4200 376.6319 19.3261
26.4400 374.3111 19.3288
26.4600 364.6933 19.3317
26.4800 364.1928 19.3347
26.5000 371.0112 19.3379
26.5200 382.5960 19.3412
26.5400 387.1012 19.3446
26.5600 371.9100 19.3483
26.5800 378.4088 19.3521
26.6000 383.6185 19.3561
26.6200 394.3194 19.3603
26.6400 378.5561 19.3647
26.6600 375.5125 19.3693
26.6800 366.4724 19.3741
26.7000 379.0975 19.3792
26.7200 373.9533 19.3846
26.7400 378.2206 19.3902
26.7600 385.2317 19.3961
26.7800 392.6083 19.4024
26.8000 378.9916 19.4090
26.8200 407.0509 19.4159
26.8400 357.5448 19.4232
26.8600 365.2641 19.4310
26.8800 337.3627 19.4391
26.9000 385.1627 19.4478
26.9200 389.6124 19.4569
26.9400 379.1638 19.4666
26.9600 376.7311 19.4769
26.9800 390.4272 19.4878
27.0000 366.9898 19.4994
27.0200 426.6390 19.5117
27.0400 380.5054 19.5248
27.0600 372.7048 19.5388
27.0800 405.2029 19.5537
27.1000 342.1419 19.5696
27.1200 389.5916 19.5866
27.1400 350.9016 19.6049
27.1600 378.3038 19.6244
27.1800 368.6940 19.6455
27.2000 389.0142 19.6681
27.2200 431.2089 19.6925
27.2400 389.5936 19.7189
27.2600 402.6101 19.7475
27.2800 397.3993 19.7785
27.3000 396.9355 19.8122
27.3200 415.7757 19.8489
27.3400 408.1558 19.8891
27.3600 369.3862 19.9331
27.3800 430.8792 19.9815
27.4000 409.2148 20.0349
27.4200 405.6085 20.0940
27.4400 379.6552 20.1597
27.4600 413.2814 20.2330
27.4800 403.9255 20.3152
27.5000 415.7330 20.4079
27.5200 461.1455 20.5129
27.5400 430.3225 20.6327
27.5600 424.5517 20.7703
27.5800 416.5366 20.9295
27.6000 455.4811 21.1155
27.6200 467.5233 21.3350
27.6400 450.7892 21.5985
27.6600 466.6030 21.9261
27.6800 477.7522 22.3731
27.7000 526.3452 23.1106
27.7200 576.4547 24.6154
27.7400 790.5728 27.9032
27.7600 1174.7041 34.3527
27.7800 1997.1324 44.7947
27.8000 3481.0998 58.7120
27.8200 5627.4870 74.2312
27.8400 7722.6625 88.5545
27.8600 9522.6749 98.5610
27.8800 10314.6075 101.5988
27.9000 9415.5123 96.7793
27.9200 7353.7939 85.7013
27.9400 5042.8343 71.4657
27.9600 3437.5926 57.8347
27.9800 2432.3235 49.3054
28.0000 2617.6140 50.7211
28.0200 4069.5020 63.7163
28.0400 7249.0169 85.5761
28.0600 12602.4599 112.3256
28.0800 19521.1695 139.4345
28.1000 26110.9062 161.7554
28.1200 30142.5764 174.2592
28.1400 30154.5507 173.6314
28.1600 25700.4957 159.9976
28.1800 18585.8506 136.8879
28.2000 12065.6998 109.3638
28.2200 6663.6736 82.3526
28.2400 3630.9747 59.6399
28.2600 1787.7066 43.2810
28.2800 1102.0381 33.3806
28.3000 781.5673 28.3298
28.3200 693.4449 25.9372
28.3400 622.9742 24.6751
28.3600 597.4278 23.8548
28.3800 517.5331 23.2348
28.4000 530.4710 22.7344
28.4200 477.7507 22.3200
28.4400 431.5926 21.9724
28.4600 546.5383 21.6780
28.4800 496.1733 21.4265
28.5000 428.5234 21.2100
28.5200 424.2454 21.0225
28.5400 415.8616 20.8589
28.5600 413.6572 20.7154
28.5800 414.7379 20.5888
28.6000 418.4030 20.4766
28.6200 405.2342 20.3766
28.6400 458.3639 20.2872
28.6600 409.3435 20.2069
28.6800 418.0301 20.1345
28.7000 398.0244 20.0690
28.7200 352.9374 20.0095
28.7400 395.0118 19.9554
28.7600 395.4537 19.9059
28.7800 387.0037 19.8606
28.8000 421.7622 19.8190
28.8200 407.5362 19.7807
28.8400 406.8832 19.7454
28.8600 378.2947 19.7127
28.8800 372.2782 19.6824
28.9000 398.0115 19.6543
28.9200 360.2559 19.6281
28.9400 366.0097 19.6037
28.9600 383.5882 19.5809
28.9800 358.7580 19.5596
29.0000 330.4213 19.5396
29.0200 409.0979 19.5208
29.0400 371.3357 19.5032
29.0600 374.0353 19.4866
29.0800 382.5134 19.4710
29.1000 390.5467 19.4562
29.1200 394.0888 19.4423
29.1400 401.1690 19.4291
29.1600 402.7002 19.4166
29.1800 326.5681 19.4047
29.2000 367.3754 19.3934
29.2200 413.5162 19.3827
29.2400 372.7267 19.3726
29.2600 356.8307 19.3628
29.2800 399.4450 19.3536
29.3000 346.1044 19.3448
29.3200 397.2300 19.3363
29.3400 335.9030 19.3283
29.3600 366.5495 19.3205
29.3800 353.4302 19.3132
29.4000 356.9187 19.3061
29.4200 311.3640 19.2993
29.4400 377.1054 19.2927
29.4600 378.2771 19.2865
29.4800 381.2290 19.2804
29.5000 396.0852 19.2746
29.5200 356.2467 19.2690
29.5400 367.3610 19.2636
29.5600 380.1697 19.2584
29.5800 351.9410 19.2534
29.6000 371.5742 19.2486
29.6200 379.9996 19.2439
29.6400 386.8309 19.2394
29.6600 357.3899 19.2350
29.6800 391.1017 19.2308
29.7000 393.3499 19.2267
29.7200 367.7277 19.2227
29.7400 366.5134 19.2188
29.7600 397.4751 19.2151
29.7800 376.2533 19.2114
29.8000 366.8424 19.2079
29.8200 341.7811 19.2045
29.8400 360.6696 19.2011
29.8600 341.7010 19.1979
29.8800 392.8004 19.1947
29.9000 407.6134 19.1917
29.9200 382.2043 19.1887
29.9400 365.3481 19.1858
29.9600 379.4940 19.1829
29.9800 382.7343 19.1801
30.0000 381.8499 19.1774
30.0200 395.6844 19.1748
30.0400 390.9396 19.1722
30.0600 367.4330 19.1697
30.0800 377.1354 19.1672
30.1000 343.8590 19.1648
30.1200 364.6072 19.1624
30.1400 376.3423 19.1601
30.1600 371.8274 19.1578
30.1800 356.6508 19.1556
30.2000 360.4289 19.1534
30.2200 381.9626 19.1355
30.2400 369.3610 19.1337
30.2600 377.8693 19.1319
30.2800 361.3689 19.1301
30.3000 374.2875 19.1284
30.3200 343.3999 19.1267
30.3400 362.7156 19.1250
30.3600 344.6947 19.1234
30.3800 326.6403 19.1218
30.4000 377.7788 19.1202
30.4200 360.8320 19.1186
30.4400 370.9482 19.1171
30.4600 345.1201 19.0947
30.4800 389.9209 19.0637
30.5000 345.7568 19.0631
30.5200 389.8020 19.0624
30.5400 361.0584 19.0618
30.5600 365.5094 19.0612
30.5800 342.4110 19.0605
30.6000 378.8197 19.0599
30.6200 351.8202 19.0593
30.6400 316.3703 19.0681
30.6600 370.4297 19.0677
30.6800 350.4195 19.0672
30.7000 380.4460 19.0810
30.7200 341.5803 19.0808
30.7400 392.5316 19.0806
30.7600 366.1051 19.0805
30.7800 351.7635 19.0803
30.8000 364.6534 19.0801
30.8200 392.8359 19.0800
30.8400 334.4774 19.0799
30.8600 375.1790 19.0798
30.8800 371.8821 19.0797
30.9000 365.4982 19.0796
30.9200 370.1911 19.0795
30.9400 358.3822 19.0795
30.9600 394.3550 19.0794
30.9800 375.2419 19.0794
31.0000 401.6370 19.0794
31.0200 372.0131 19.0794
31.0400 401.6706 19.0795
31.0600 370.8497 19.0795
31.0800 332.4139 19.0796
31.1000 357.3658 19.0797
31.1200 370.7046 19.0799
31.1400 386.6889 19.0800
31.1600 373.9744 19.0802
31.1800 337.6566 19.0804
31.2000 390.0644 19.0806
31.2200 363.5100 19.0809
31.2400 378.5402 19.0812
31.2600 355.2798 19.0815
31.2800 373.6577 19.0819
31.3000 351.2416 19.0823
31.3200 381.1370 19.0906
31.3400 343.1971 19.0912
31.3600 347.0520 19.0918
31.3800 341.0926 19.0925
31.4000 362.9303 19.0933
31.4200 367.8479 19.0941
31.4400 358.2273 19.0949
31.4600 365.7482 19.0958
31.4800 335.6152 19.0968
31.5000 410.0244 19.0978
31.5200 382.5158 19.0989
31.5400 360.6559 19.1001
31.5600 391.4529 19.1013
31.5800 371.7687 19.1026
31.6000 360.2472 19.1040
31.6200 368.1934 19.1055
31.6400 405.7688 19.1071
31.6600 381.7695 19.1087
31.6800 370.8132 19.1105
31.7000 369.2002 19.1124
31.7200 347.1920 19.1144
31.7400 351.3655 19.1165
31.7600 370.0145 19.1187
31.7800 376.0281 19.1211
31.8000 325.4822 19.1236
31.8200 372.7279 19.1263
31.8400 359.9952 19.1291
31.8600 361.1472 19.1321
31.8800 345.0575 19.1354
31.9000 393.3436 19.1388
31.9200 359.5113 19.1424
31.9400 379.3095 19.1463
31.9600 392.3000 19.1504
31.9800 359.6723 19.1548
32.0000 378.7365 19.1595
32.0200 354.0746 19.1645
32.0400 344.1038 19.1698
32.0600 344.8944 19.1755
32.0800 347.8174 19.1816
32.1000 372.5326 19.1882
32.1200 360.1406 19.1952
32.1400 362.6620 19.2028
32.1600 361.2199 19.2109
32.1800 384.0712 19.2197
32.2000 366.1394 19.2291
32.2200 332.2402 19.2393
32.2400 381.6498 19.2503
32.2600 373.9057 19.2622
32.2800 396.3250 19.2752
32.3000 356.4695 19.2893
32.3200 361.2804 19.3047
32.3400 364.6161 19.3215
32.3600 359.5546 19.3399
32.3800 386.9711 19.3601
32.4000 361.6057 19.3823
32.4200 398.9030 19.4068
32.4400 329.5561 19.4339
32.4600 357.7742 19.4641
32.4800 354.9113 19.4977
32.5000 395.0834 19.5353
32.5200 412.9426 19.5776
32.5400 373.8529 19.6253
32.5600 402.2445 19.6795
32.5800 367.7822 19.7412
32.6000 387.6032 19.8120
32.6200 419.0270 19.8936
32.6400 381.3960 19.9885
32.6600 382.3807 20.0996
32.6800 373.5401 20.2308
32.7000 465.6155 20.3870
32.7200 402.2108 20.5753
32.7400 442.4977 20.8059
32.7600 428.7598 21.0983
32.7800 463.1650 21.5009
32.8000 487.4229 22.1528
32.8200 504.0994 23.4216
32.8400 664.1098 26.0740
32.8600 951.9743 31.1911
32.8800 1560.4219 39.5724
32.9000 2655.7825 51.1337
32.9200 4114.0396 64.8649
32.9400 6265.1280 79.0933
32.9600 8329.4427 91.7397
32.9800 10219.1210 100.7321
33.0000 10921.2412 104.6764
33.0200 10527.1403 102.7987
33.0400 9089.0621 94.9415
33.0600 6724.0238 82.4036
33.0800 4622.3123 67.5576
33.1000 2777.7639 52.8867
33.1200 1676.9431 40.4655
33.1400 959.1490 31.5465
33.1600 705.3040 26.2270
33.1800 551.8426 23.5590
33.2000 535.1841 22.3213
33.2200 497.3454 21.6964
33.2400 484.5617 21.3151
33.2600 438.8281 21.0449
33.2800 443.2332 20.8410
33.3000 418.5418 20.6858
33.3200 434.8532 20.5703
33.3400 402.1314 20.4891
33.3600 439.4251 20.4393
33.3800 432.0429 20.4202
33.4000 378.4952 20.4338
33.4200 454.3879 20.4870
33.4400 416.2178 20.6027
33.4600 437.1199 20.8546
33.4800 448.0318 21.4585
33.5000 514.0988 22.9186
33.5200 723.7742 26.0573
33.5400 1021.7961 31.5971
33.5600 1569.7529 39.4816
33.5800 2353.6421 48.6484
33.6000 3400.7692 57.3287
33.6200 4041.2295 63.4926
33.6400 4278.9796 65.3616
33.6600 3833.1647 62.2950
33.6800 3045.0281 55.3056
33.7000 2127.1101 46.2951
33.7200 1345.3724 37.2653
33.7400 845.8364 29.8470
33.7600 649.3434 24.8703
33.7800 471.4059 22.1607
33.8000 454.0648 20.9123
33.8200 382.3883 20.3628
33.8400 395.3109 20.0879
33.8600 385.0392 19.9164
33.8800 409.7885 19.7903
33.9000 344.6591 19.6903
33.9200 387.7100 19.6086
33.9400 399.1056 19.5407
33.9600 374.9203 19.4835
33.9800 364.1957 19.4348
34.0000 398.0970 19.3930
34.0200 399.1526 19.3567
34.0400 375.4707 19.3249
34.0600 359.8173 19.2970
34.0800 352.3113 19.2722
34.1000 354.6872 19.2502
34.1200 399.5802 19.2304
34.1400 371.5020 19.2125
34.1600 395.3526 19.1963
34.1800 341.7756 19.1816
34.2000 322.4263 19.1682
34.2200 349.3079 19.1559
34.2400 366.2436 19.1445
34.2600 362.3789 19.1341
34.2800 373.2135 19.1244
34.3000 372.7298 19.1154
34.3200 357.0407 19.1070
34.3400 348.9894 19.0991
34.3600 370.5009 19.0918
34.3800 385.0686 19.0849
34.4000 306.7197 19.0784
34.4200 351.7719 19.0723
34.4400 381.6288 19.0666
34.4600 376.9933 19.0611
34.4800 371.1482 19.0560
34.5000 333.1631 19.0511
34.5200 359.9785 19.0464
34.5400 374.4683 19.0420
34.5600 369.9979 19.0378
34.5800 380.2674 19.0337
34.6000 335.5639 19.0299
34.6200 396.6812 19.0262
34.6400 349.7574 19.0226
34.6600 355.7440 19.0192
34.6800 356.7594 19.0159
34.7000 357.0123 19.0128
34.7200 349.3130 19.0097
34.7400 388.2079 19.0068
34.7600 339.6772 19.0040
34.7800 371.9432 19.0013
34.8000 365.2005 18.9986
34.8200 376.7189 18.9961
34.8400 338.6336 18.9936
34.8600 379.7099 18.9912
34.8800 342.5315 18.9889
34.9000 343.8782 18.9866
34.9200 397.7329 18.9844
34.9400 365.5628 18.9823
34.9600 369.1435 18.9802
34.9800 367.0715 18.9782
35.0000 346.5378 18.9762
35.0200 348.5145 18.9743
35.0400 368.9154 18.9724
35.0600 347.1992 18.9706
35.0800 346.2804 18.9688
35.1000 355.7637 18.9670
35.1200 364.8194 18.9653
35.1400 339.8674 18.9636
35.1600 404.3299 18.9620
35.1800 346.7365 18.9604
35.2000 388.2947 18.9588
35.2200 324.6501 18.9572
35.2400 369.6746 18.9557
35.2600 379.2906 18.9542
35.2800 346.8702 18.9527
35.3000 392.5866 18.9513
35.3200 385.3076 18.9405
35.3400 384.8607 18.9392
35.3600 372.2689 18.9238
35.3800 345.2775 18.9229
35.4000 374.8964 18.9219
35.4200 369.7799 18.9210
35.4400 319.4077 18.9200
35.4600 387.9299 18.9191
35.4800 390.9573 18.9182
35.5000 357.2563 18.9173
35.5200 362.8618 18.9164
35.5400 352.9495 18.9155
35.5600 358.8461 18.9147
35.5800 356.8749 18.9138
35.6000 356.8035 18.9129
35.6200 339.0745 18.9121
35.6400 395.5703 18.9112
35.6600 342.9109 18.9104
35.6800 319.8951 18.9095
35.7000 331.4738 18.9088
35.7200 378.1546 18.9080
35.7400 382.4108 18.9072
35.7600 356.3931 18.9064
35.7800 359.4249 18.9056
35.8000 326.5410 18.9048
35.8200 372.6187 18.9040
35.8400 338.5786 18.9032
35.8600 350.9249 18.9024
35.8800 374.5888 18.9016
35.9000 360.8291 18.9008
35.9200 345.8980 18.9000
35.9400 336.3451 18.8993
35.9600 377.3121 18.8985
35.9800 354.6760 18.8899
36.0000 336.8259 18.8893
36.0200 352.9854 18.8887
36.0400 382.3620 18.8880
36.0600 371.2399 18.8874
36.0800 337.1719 18.8868
36.1000 364.9939 18.8861
36.1200 358.5628 18.8855
36.1400 338.9585 18.8849
36.1600 367.5833 18.8842
36.1800 341.3310 18.8836
36.2000 327.4168 18.8830
36.2200 372.4269 18.8824
36.2400 353.9600 18.8817
36.2600 369.0542 18.8811
36.2800 344.6827 18.8805
36.3000 383.9854 18.8798
36.3200 383.9885 18.8792
36.3400 343.5787 18.8786
36.3600 378.4379 18.8779
36.3800 309.9098 18.8773
36.4000 352.5887 18.8767
36.4200 340.0021 18.8763
36.4400 336.2426 18.8757
36.4600 391.7075 18.8751
36.4800 377.1192 18.8749
36.5000 369.1146 18.8743
36.5200 367.8188 18.8737
36.5400 355.0311 18.8731
36.5600 330.3076 18.8725
36.5800 329.1151 18.8719
36.6000 334.7962 18.8712
36.6200 326.2541 18.8706
36.6400 362.0208 18.8700
36.6600 381.7500 18.8694
36.6800 375.7725 18.8688
36.7000 367.7668 18.8682
36.7200 366.5464 18.8676
36.7400 341.7724 18.8670
36.7600 360.9359 18.8664
36.7800 363.6119 18.8658
36.8000 355.0545 18.8652
36.8200 340.1643 18.8649
36.8400 345.9646 18.8643
36.8600 349.4537 18.8637
36.8800 361.5046 18.8631
36.9000 354.5432 18.8625
36.9200 347.7566 18.8619
36.9400 334.6289 18.8613
36.9600 350.6201 18.8607
36.9800 345.3133 18.8602
37.0000 335.9256 18.8596
37.0200 381.1080 18.8590
37.0400 360.1340 18.8584
37.0600 385.7968 18.8579
37.0800 358.1500 18.8573
37.1000 360.3712 18.8567
37.1200 358.5297 18.8562
37.1400 385.4574 18.8556
37.1600 385.5137 18.8550
37.1800 372.2628 18.8545
37.2000 384.8455 18.8539
37.2200 390.2377 18.8534
37.2400 326.8817 18.8529
37.2600 305.4299 18.8523
37.2800 344.0602 18.8518
37.3000 366.7772 18.8513
37.3200 367.0300 18.8508
37.3400 339.5273 18.8503
37.3600 346.9961 18.8498
37.3800 350.2191 18.8493
37.4000 338.1456 18.8489
37.4200 348.0104 18.8484
37.4400 328.7798 18.8479
37.4600 344.4463 18.8475
37.4800 331.0105 18.8471
37.5000 342.6061 18.8467
37.5200 366.7175 18.8463
37.5400 357.7971 18.8460
37.5600 350.3460 18.8457
37.5800 350.0797 18.8454
37.6000 351.5542 18.8452
37.6200 361.2148 18.8450
37.6400 334.6539 18.8448
37.6600 350.4154 18.8448
37.6800 315.6096 18.8448
37.7000 356.7341 18.8449
37.7200 341.1892 18.8451
37.7400 339.4878 18.8455
37.7600 342.8297 18.8461
37.7800 341.0481 18.8469
37.8000 379.6737 18.8481
37.8200 385.4716 18.8498
37.8400 367.3172 18.8526
37.8600 335.0114 18.8579
37.8800 359.6511 18.8701
37.9000 395.5367 18.8997
37.9200 386.7556 18.9661
37.9400 381.5489 19.0963
37.9600 380.4390 19.3103
37.9800 356.1180 19.5964
38.0000 394.8955 19.8932
38.0200 398.3824 20.0985
38.0400 406.0883 20.1173
38.0600 415.1072 19.9397
38.0800 395.4797 19.6507
38.1000 356.8682 19.3563
38.1200 360.0100 19.1267
38.1400 372.9333 18.9819
38.1600 360.0811 18.9056
38.1800 366.6554 18.8709
38.2000 338.7161 18.8563
38.2200 348.7059 18.8500
38.2400 324.6495 18.8469
38.2600 396.4494 18.8451
38.2800 376.3868 18.8439
38.3000 330.9735 18.8433
38.3200 386.5483 18.8431
38.3400 374.9265 18.8433
38.3600 335.9028 18.8439
38.3800 355.5776 18.8449
38.4000 369.9423 18.8463
38.4200 359.1801 18.8482
38.4400 336.8049 18.8507
38.4600 370.2661 18.8538
38.4800 348.2732 18.8577
38.5000 360.0433 18.8627
38.5200 330.4726 18.8689
38.5400 388.3579 18.8770
38.5600 368.6408 18.8878
38.5800 349.1950 18.9043
38.6000 366.1052 18.9340
38.6200 338.9592 18.9962
38.6400 344.7502 19.1315
38.6600 390.6351 19.4065
38.6800 394.1770 19.9011
38.7000 438.6092 20.6694
38.7200 445.5501 21.6923
38.7400 474.8828 22.8498
38.7600 547.5820 23.9357
38.7800 625.5878 24.7386
38.8000 616.9497 25.0914
38.8200 655.3135 24.8398
38.8400 547.8744 23.9648
38.8600 471.0223 22.7054
38.8800 449.7340 21.4082
38.9000 391.2040 20.3479
38.9200 365.2610 19.6407
38.9400 383.3655 19.2509
38.9600 375.1752 19.0742
38.9800 382.4040 19.0206
39.0000 385.3628 19.0495
39.0200 370.4058 19.1666
39.0400 359.5279 19.4048
39.0600 360.7162 19.7940
39.0800 383.9820 20.3227
39.1000 448.7890 20.9059
39.1200 427.8616 21.3931
39.1400 468.3962 21.6221
39.1600 455.5395 21.4848
39.1800 412.7329 21.0178
39.2000 438.3355 20.3961
39.2200 409.0684 19.8067
39.2400 372.5352 19.3650
39.2600 355.1854 19.0913
39.2800 343.4637 18.9481
39.3000 331.5010 18.8817
39.3200 358.0863 18.8520
39.3400 347.5706 18.8374
39.3600 362.7486 18.8286
39.3800 358.5065 18.8222
39.4000 344.9117 18.8170
39.4200 350.4129 18.8128
39.4400 316.6968 18.8092
39.4600 368.1554 18.8061
39.4800 390.2451 18.8034
39.5000 345.8052 18.8011
39.5200 338.7101 18.7994
39.5400 311.7559 18.7986
39.5600 343.1962 18.7996
39.5800 354.5364 18.8041
39.6000 355.2516 18.8137
39.6200 414.2363 18.8292
39.6400 350.9939 18.8484
39.6600 365.5236 18.8658
39.6800 358.5297 18.8737
39.7000 349.9601 18.8671
39.7200 339.9011 18.8491
39.7400 389.4027 18.8271
39.7600 372.6609 18.8077
39.7800 340.7101 18.7939
39.8000 343.8010 18.7855
39.8200 349.0240 18.7809
39.8400 354.4301 18.7784
39.8600 332.6816 18.7768
39.8800 371.3201 18.7756
39.9000 371.6976 18.7745
39.9200 347.8845 18.7735
39.9400 330.8763 18.7726
39.9600 346.9200 18.7717
39.9800 331.5925 18.7709
40.0000 355.3852 18.7700
40.0200 356.8796 18.7692
40.0400 315.6787 18.7684
40.0600 343.3718 18.7677
40.0800 353.3752 18.7669
40.1000 342.9201 18.7662
40.1200 353.3521 18.7655
40.1400 349.2439 18.7648
40.1600 359.5535 18.7641
40.1800 364.6496 18.7634
40.2000 354.5176 18.7627
40.2200 350.0471 18.7621
40.2400 349.3775 18.7614
40.2600 317.9656 18.7608
40.2800 349.8291 18.7602
40.3000 396.7114 18.7596
40.3200 380.3543 18.7590
40.3400 331.5024 18.7584
40.3600 367.2219 18.7578
40.3800 344.2651 18.7571
40.4000 359.7436 18.7566
40.4200 372.1216 18.7560
40.4400 353.7384 18.7555
40.4600 381.6198 18.7550
40.4800 352.5009 18.7545
40.5000 339.2067 18.7540
40.5200 361.7462 18.7535
40.5400 379.4455 18.7531
40.5600 344.5691 18.7527
40.5800 337.2850 18.7522
40.6000 348.1901 18.7518
40.6200 378.4370 18.7514
40.6400 363.7456 18.7511
40.6600 353.9767 18.7508
40.6800 359.7878 18.7504
40.7000 383.2767 18.7502
40.7200 374.4756 18.7499
40.7400 352.8683 18.7497
40.7600 359.6109 18.7495
40.7800 337.7737 18.7494
40.8000 379.6063 18.7493
40.8200 356.3538 18.7492
40.8400 372.5778 18.7492
40.8600 334.0858 18.7492
40.8800 360.8953 18.7494
40.9000 372.2631 18.7496
40.9200 354.1914 18.7498
40.9400 350.4327 18.7502
40.9600 320.0500 18.7507
40.9800 360.2027 18.7512
41.0000 387.2879 18.7519
41.0200 326.8248 18.7528
41.0400 361.7024 18.7539
41.0600 339.2556 18.7551
41.0800 367.6346 18.7566
41.1000 356.3626 18.7581
41.1200 351.9293 18.7601
41.1400 358.1968 18.7626
41.1600 333.8580 18.7650
41.1800 356.6539 18.7684
41.2000 331.3081 18.7726
41.2200 320.0309 18.7793
41.2400 322.0795 18.7852
41.2600 375.8533 18.7924
41.2800 379.7508 18.8012
41.3000 346.4963 18.8120
41.3200 333.0253 18.8255
41.3400 356.8995 18.8426
41.3600 374.0870 18.8655
41.3800 360.5172 18.8993
41.4000 342.8702 18.9599
41.4200 380.5948 19.0910
41.4400 333.5548 19.3930
41.4600 431.4447 20.0428
41.4800 428.3199 21.2460
41.5000 576.5814 23.0807
41.5200 615.8112 25.3321
41.5400 794.7654 27.4820
41.5600 839.8330 28.8649
41.5800 800.0397 28.9383
41.6000 779.3653 27.6698
41.6200 675.8028 25.5664
41.6400 549.1425 23.2963
41.6600 447.5407 21.4016
41.6800 419.0323 20.1317
41.7000 356.1801 19.4325
41.7200 350.6865 19.1029
41.7400 348.4373 18.9589
41.7600 363.7163 18.8925
41.7800 334.0864 18.8557
41.8000 369.6635 18.8309
41.8200 357.3274 18.8121
41.8400 354.5219 18.7972
41.8600 335.2770 18.7868
41.8800 361.9528 18.7767
41.9000 394.6983 18.7682
41.9200 367.9794 18.7617
41.9400 345.8876 18.7555
41.9600 372.4995 18.7502
41.9800 387.3489 18.7455
42.0000 330.8206 18.7414
42.0200 347.5523 18.7378
42.0400 326.5994 18.7345
42.0600 347.3920 18.7316
42.0800 354.3520 18.7290
42.1000 358.4449 18.7266
42.1200 317.1503 18.7244
42.1400 329.0568 18.7224
42.1600 361.4213 18.7206
42.1800 354.3658 18.7189
42.2000 366.6828 18.7174
42.2200 322.4514 18.7159
42.2400 376.9854 18.7146
42.2600 324.3263 18.7133
42.2800 347.7949 18.7121
42.3000 351.0927 18.7110
42.3200 358.7477 18.7100
42.3400 340.0723 18.7090
42.3600 317.4543 18.7081
42.3800 350.1817 18.7073
42.4000 353.4934 18.7065
42.4200 346.7449 18.7057
42.4400 340.4159 18.7050
42.4600 358.8528 18.7044
42.4800 352.3537 18.7037
42.5000 346.0187 18.7032
42.5200 344.1257 18.7027
42.5400 336.5221 18.7022
42.5600 379.5624 18.7018
42.5800 353.6807 18.7014
42.6000 371.6081 18.7011
42.6200 367.8691 18.7008
42.6400 335.8434 18.7005
42.6600 359.5229 18.7004
42.6800 341.6681 18.7002
42.7000 343.3873 18.7002
42.7200 355.5860 18.7001
42.7400 345.6079 18.7002
42.7600 312.6583 18.7003
42.7800 309.8501 18.7005
42.8000 372.7055 18.7008
42.8200 388.9752 18.7011
42.8400 363.2175 18.7016
42.8600 345.5145 18.7022
42.8800 362.6012 18.7028
42.9000 337.2908 18.7036
42.9200 372.2922 18.7046
42.9400 343.6062 18.7057
42.9600 392.1099 18.7070
42.9800 326.6449 18.7085
43.0000 374.1340 18.7102
43.0200 343.2500 18.7121
43.0400 336.9121 18.7144
43.0600 353.4447 18.7170
43.0800 353.0844 18.7200
43.1000 388.6961 18.7235
43.1200 332.9504 18.7275
43.1400 343.9141 18.7322
43.1600 358.5447 18.7377
43.1800 364.9386 18.7440
43.2000 354.3321 18.7516
43.2200 384.2450 18.7605
43.2400 356.8995 18.7711
43.2600 340.6160 18.7839
43.2800 343.3567 18.7995
43.3000 338.2973 18.8187
43.3200 355.5835 18.8428
43.3400 355.6933 18.8741
43.3600 352.7410 18.9184
43.3800 350.9648 18.9925
43.4000 384.7117 19.1434
43.4200 354.5729 19.4840
43.4400 407.5057 20.2234
43.4600 470.0003 21.6240
43.4800 584.0935 23.8217
43.5000 733.5843 26.6118
43.5200 831.4182 29.4150
43.5400 951.8147 31.4423
43.5600 1045.6100 31.9649
43.5800 966.5540 30.7614
43.6000 754.0941 28.3194
43.6200 664.5139 25.4382
43.6400 501.5740 22.8427
43.6600 430.1487 20.9728
43.6800 412.0402 19.8755
43.7000 368.9542 19.3344
43.7200 326.7320 19.0949
43.7400 374.5640 18.9888
43.7600 335.6839 18.9352
43.7800 360.4028 18.9068
43.8000 378.6154 18.8893
43.8200 333.3505 18.8750
43.8400 350.9469 18.8661
43.8600 347.9557 18.8619
43.8800 391.3127 18.8621
43.9000 375.0430 18.8665
43.9200 352.8085 18.8743
43.9400 363.3692 18.8883
43.9600 347.0419 18.9083
43.9800 375.4173 18.9360
44.0000 376.2148 18.9751
44.0200 351.7871 19.0356
44.0400 376.8888 19.1463
44.0600 368.9622 19.3823
44.0800 404.0039 19.9051
44.1000 453.8146 20.9726
44.1200 560.3703 22.8382
44.1400 665.0618 25.5347
44.1600 829.7731 28.7229
44.1800 1005.5672 31.7521
44.2000 1157.5630 33.8506
44.2200 1190.0284 34.4475
44.2400 1135.1724 33.5339
44.2600 1005.9312 31.4801
44.2800 833.6694 28.7368
44.3000 649.1074 25.8471
44.3200 521.8494 23.3120
44.3400 422.3675 21.4186
44.3600 374.5266 20.2064
44.3800 371.2573 19.5330
44.4000 374.0816 19.1967
44.4200 357.3506 19.0342
44.4400 336.5400 18.9496
44.4600 347.7706 18.8978
44.4800 345.9767 18.8610
44.5000 336.2377 18.8325
44.5200 344.4776 18.8096
44.5400 368.9974 18.7907
44.5600 350.2104 18.7750
44.5800 356.6614 18.7618
44.6000 351.1092 18.7506
44.6200 358.1705 18.7410
44.6400 331.3236 18.7328
44.6600 335.0607 18.7257
44.6800 347.8461 18.7196
44.7000 356.4479 18.7142
44.7200 369.8017 18.7096
44.7400 354.7144 18.7055
44.7600 372.3930 18.7020
44.7800 347.2848 18.6990
44.8000 345.8935 18.6963
44.8200 348.7453 18.6940
44.8400 345.9144 18.6921
44.8600 377.8280 18.6904
44.8800 304.7101 18.6890
44.9000 327.3599 18.6879
44.9200 343.2380 18.6871
44.9400 342.4095 18.6865
44.9600 341.8239 18.6861
44.9800 352.1507 18.6859
45.0000 353.8596 18.6860
45.0200 340.7464 18.6863
45.0400 361.9244 18.6868
45.0600 336.8868 18.6875
45.0800 352.7850 18.6884
45.1000 351.9769 18.6896
45.1200 374.0513 18.6910
45.1400 336.9879 18.6927
45.1600 350.7606 18.6946
45.1800 362.8595 18.6968
45.2000 305.8928 18.6993
45.2200 357.4336 18.7022
45.2400 312.5608 18.7054
45.2600 351.1603 18.7089
45.2800 373.3330 18.7129
45.3000 374.7055 18.7173
45.3200 340.7150 18.7222
45.3400 340.2177 18.7276
45.3600 351.9986 18.7337
45.3800 357.6764 18.7404
45.4000 355.3794 18.7479
45.4200 347.6915 18.7562
45.4400 361.9059 18.7655
45.4600 371.6931 18.7758
45.4800 354.7915 18.7874
45.5000 352.1510 18.8004
45.5200 373.4325 18.8151
45.5400 369.0718 18.8317
45.5600 339.6129 18.8505
45.5800 372.6480 18.8720
45.6000 359.0916 18.8965
45.6200 358.3680 18.9249
45.6400 369.3337 18.9578
45.6600 353.0831 18.9962
45.6800 354.2865 19.0414
45.7000 366.7580 19.0953
45.7200 351.3071 19.1602
45.7400 364.5359 19.2397
45.7600 365.8732 19.3409
45.7800 408.2996 19.4815
45.8000 365.6582 19.7111
45.8200 384.1856 20.1572
45.8400 454.3581 21.0887
45.8600 581.1030 22.9109
45.8800 648.6108 25.9612
45.9000 938.3314 30.1650
45.9200 1200.8686 34.8851
45.9400 1496.5564 39.0941
45.9600 1704.7974 41.6637
45.9800 1645.0342 41.8510
46.0000 1648.0249 40.0673
46.0200 1429.5919 37.9766
46.0400 1389.4266 37.7265
46.0600 1644.2462 40.6104
46.0800 2135.5185 45.9202
46.1000 2519.8779 51.5657
46.1200 2989.3978 55.3090
46.1400 3151.6123 55.5316
46.1600 2671.3074 51.9727
46.1800 2066.2755 45.7362
46.2000 1455.9347 38.4376
46.2200 1007.1401 31.6014
46.2400 690.6843 26.3171
46.2600 503.5005 22.9520
46.2800 426.7057 21.1588
46.3000 419.4030 20.3003
46.3200 416.0122 19.8790
46.3400 406.7977 19.6375
46.3600 360.9382 19.4723
46.3800 401.0753 19.3461
46.4000 361.4802 19.2450
46.4200 353.7249 19.1621
46.4400 412.2257 19.0932
46.4600 329.7485 19.0352
46.4800 337.1111 18.9860
46.5000 379.4013 18.9438
46.5200 369.2165 18.9074
46.5400 361.3642 18.8757
46.5600 345.3600 18.8461
46.5800 356.3080 18.8217
46.6000 371.8165 18.8000
46.6200 331.9792 18.7800
46.6400 360.0548 18.7628
46.6600 354.0854 18.7472
46.6800 380.7096 18.7332
46.7000 371.3659 18.7205
46.7200 353.3378 18.7089
46.7400 349.7396 18.6983
46.7600 329.0926 18.6886
46.7800 328.4357 18.6797
46.8000 368.5583 18.6715
46.8200 359.1367 18.6639
46.8400 337.8651 18.6568
46.8600 365.8867 18.6503
46.8800 337.2731 18.6442
46.9000 342.0180 18.6385
46.9200 355.6650 18.6331
46.9400 372.1098 18.6281
46.9600 332.4671 18.6234
46.9800 349.6850 18.6189
47.0000 319.7090 18.6147
47.0200 337.2627 18.6108
47.0400 376.6744 18.6070
47.0600 344.4551 18.6034
47.0800 359.1877 18.6000
47.1000 357.4461 18.5968
47.1200 372.0808 18.5937
47.1400 357.3260 18.5907
47.1600 335.5635 18.5879
47.1800 348.4310 18.5852
47.2000 351.5800 18.5826
47.2200 350.7787 18.5801
47.2400 338.4639 18.5777
47.2600 338.4673 18.5754
47.2800 311.6786 18.5732
47.3000 320.5353 18.5711
47.3200 317.8056 18.5690
47.3400 321.5558 18.5670
47.3600 344.5520 18.5651
47.3800 333.8438 18.5632
47.4000 337.3941 18.5613
47.4200 344.9782 18.5596
47.4400 330.0085 18.5579
47.4600 320.5994 18.5562
47.4800 349.6152 18.5545
47.5000 312.8610 18.5529
47.5200 356.9551 18.5514
47.5400 340.8114 18.5499
47.5600 330.3184 18.5484
47.5800 373.5276 18.5470
47.6000 354.4410 18.5455
47.6200 369.4135 18.5442
47.6400 332.4766 18.5428
47.6600 357.5417 18.5415
47.6800 331.8466 18.5402
47.7000 366.4503 18.5389
47.7200 335.7628 18.5376
47.7400 358.3314 18.5364
47.7600 340.6903 18.5352
47.7800 353.0705 18.5340
47.8000 343.6912 18.5328
47.8200 341.4209 18.5316
47.8400 342.1234 18.5305
47.8600 328.6262 18.5294
47.8800 338.7581 18.5283
47.9000 347.9215 18.5272
47.9200 322.2260 18.5261
47.9400 338.3410 18.5250
47.9600 356.9462 18.5240
47.9800 362.4953 18.5229
48.0000 339.7250 18.5219
48.0200 319.1794 18.5209
48.0400 317.5097 18.5199
48.0600 350.8084 18.5189
48.0800 321.8459 18.5179
48.1000 340.0813 18.5169
48.1200 358.5124 18.5160
48.1400 295.5475 18.5150
48.1600 389.6337 18.5141
48.1800 321.1718 18.5131
48.2000 359.1257 18.5122
48.2200 337.5622 18.5113
48.2400 346.6442 18.5104
48.2600 325.3213 18.5095
48.2800 320.8032 18.5086
48.3000 381.4494 18.5077
48.3200 363.5729 18.5068
48.3400 335.3185 18.5021
48.3600 365.8287 18.5013
48.3800 329.7571 18.5005
48.4000 337.3556 18.4997
48.4200 303.3870 18.4989
48.4400 332.3842 18.4981
48.4600 364.2646 18.4973
48.4800 372.8937 18.4965
48.5000 384.8056 18.4878
48.5200 360.0968 18.4872
48.5400 336.8398 18.4865
48.5600 349.2765 18.4859
48.5800 373.0015 18.4852
48.6000 322.3749 18.4846
48.6200 377.3135 18.4839
48.6400 321.2046 18.4833
48.6600 356.0372 18.4826
48.6800 322.5871 18.4820
48.7000 369.2318 18.4813
48.7200 364.4222 18.4807
48.7400 355.3836 18.4800
48.7600 324.7587 18.4794
48.7800 336.8742 18.4787
48.8000 358.1689 18.4781
48.8200 334.3872 18.4796
48.8400 368.1193 18.4790
48.8600 344.1376 18.4784
48.8800 327.7841 18.4798
48.9000 334.2002 18.4792
48.9200 344.3488 18.4786
48.9400 326.5168 18.4781
48.9600 333.6170 18.4775
48.9800 360.1708 18.4769
49.0000 357.7695 18.4764
49.0200 362.7064 18.4758
49.0400 335.1142 18.4752
49.0600 327.6269 18.4747
49.0800 349.1287 18.4741
49.1000 368.0407 18.4736
49.1200 325.2644 18.4730
49.1400 369.8414 18.4725
49.1600 350.6253 18.4719
49.1800 299.3392 18.4714
49.2000 336.2037 18.4708
49.2200 330.0458 18.4703
49.2400 370.6448 18.4709
49.2600 322.2484 18.4704
49.2800 350.4369 18.4699
49.3000 321.1793 18.4694
49.3200 351.1729 18.4689
49.3400 362.1434 18.4693
49.3600 366.9396 18.4688
49.3800 329.7653 18.4684
49.4000 321.1494 18.4679
49.4200 336.9195 18.4675
49.4400 349.0966 18.4670
49.4600 348.1441 18.4666
49.4800 334.2528 18.4662
49.5000 335.4148 18.4657
49.5200 328.0313 18.4653
49.5400 336.9569 18.4649
49.5600 356.8173 18.4645
49.5800 344.9681 18.4641
49.6000 306.0127 18.4637
49.6200 356.8007 18.4634
49.6400 369.1735 18.4630
49.6600 307.6293 18.4627
49.6800 361.3941 18.4623
49.7000 341.9619 18.4620
49.7200 365.2704 18.4617
49.7400 337.2099 18.4614
49.7600 352.9286 18.4611
49.7800 294.2705 18.4608
49.8000 328.5220 18.4606
49.8200 321.1260 18.4603
49.8400 331.7797 18.4601
49.8600 327.4908 18.4599
49.8800 356.4175 18.4597
49.9000 328.5890 18.4595
49.9200 352.6333 18.4594
49.9400 389.3592 18.4593
49.9600 361.6411 18.4592
49.9800 315.3420 18.4591
50.0000 359.7781 18.4590
50.0200 366.1363 18.4610
50.0400 322.0417 18.4611
50.0600 314.0947 18.4624
50.0800 370.8807 18.4626
50.1000 355.2110 18.4628
50.1200 348.2470 18.4630
50.1400 329.8175 18.4633
50.1600 324.4698 18.4636
50.1800 340.1081 18.4640
50.2000 332.2799 18.4644
50.2200 360.4468 18.4649
50.2400 349.8420 18.4654
50.2600 331.5681 18.4660
50.2800 335.5940 18.4667
50.3000 337.9082 18.4675
50.3200 353.7797 18.4684
50.3400 338.8388 18.4694
50.3600 359.0276 18.4704
50.3800 366.0347 18.4716
50.4000 326.9119 18.4729
50.4200 367.5985 18.4744
50.4400 335.7151 18.4760
50.4600 341.9429 18.4778
50.4800 351.6333 18.4798
50.5000 343.6808 18.4819
50.5200 321.2985 18.4843
50.5400 350.1587 18.4870
50.5600 384.9501 18.4899
50.5800 377.5302 18.4932
50.6000 322.8209 18.4968
50.6200 356.0161 18.5009
50.6400 343.6146 18.5054
50.6600 334.5115 18.5105
50.6800 355.0039 18.5161
50.7000 335.0501 18.5225
50.7200 350.6412 18.5297
50.7400 340.6215 18.5378
50.7600 346.1175 18.5470
50.7800 340.4705 18.5576
50.8000 350.4001 18.5697
50.8200 347.9491 18.5837
50.8400 340.3041 18.6000
50.8600 362.3236 18.6191
50.8800 335.6237 18.6416
50.9000 395.4773 18.6684
50.9200 361.2727 18.7006
50.9400 365.2031 18.7399
50.9600 336.3688 18.7887
50.9800 343.8510 18.8517
51.0000 312.4744 18.9405
51.0200 369.5717 19.0856
51.0400 349.6129 19.3635
51.0600 345.5164 19.9337
51.0800 444.7377 21.0487
51.1000 492.3203 22.9643
51.1200 640.4340 25.7504
51.1400 816.7496 29.1534
51.1600 1030.3193 32.6317
51.1800 1267.3487 35.4927
51.2000 1372.1959 37.1590
51.2200 1410.4268 37.4869
51.2400 1267.9407 36.5405
51.2600 1190.6267 34.3412
51.2800 925.8203 31.1952
51.3000 765.5601 27.7356
51.3200 593.2868 24.5891
51.3400 534.9386 22.1794
51.3600 432.8948 20.6276
51.3800 345.9218 19.7786
51.4000 378.5475 19.3701
51.4200 381.9581 19.1893
51.4400 369.5493 19.1217
51.4600 407.1410 19.1347
51.4800 385.8237 19.2606
51.5000 381.6860 19.5947
51.5200 421.2043 20.2790
51.5400 450.7104 21.4285
51.5600 573.9468 23.0121
51.5800 611.2444 24.7864
51.6000 711.3625 26.3504
51.6200 706.7291 27.2998
51.6400 773.6241 27.5120
51.6600 711.3421 27.2953
51.6800 740.0796 26.9804
51.7000 684.7460 26.6242
51.7200 687.0156 25.9523
51.7400 628.4608 24.7917
51.7600 561.7442 23.2976
51.7800 509.6536 21.7886
51.8000 418.3490 20.5406
51.8200 355.9180 19.6830
51.8400 366.0556 19.1848
51.8600 342.7927 18.9308
51.8800 375.8357 18.8088
51.9000 338.4326 18.7476
51.9200 324.1538 18.7127
51.9400 344.8883 18.6901
51.9600 323.8064 18.6747
51.9800 348.3304 18.6646
52.0000 344.2559 18.6588
52.0200 346.9977 18.6570
52.0400 354.8053 18.6590
52.0600 337.9264 18.6647
52.0800 354.0409 18.6746
52.1000 349.8318 18.6890
52.1200 340.4078 18.7195
52.1400 356.5646 18.7459
52.1600 369.9428 18.7807
52.1800 372.0271 18.8272
52.2000 362.5595 18.8932
52.2200 370.9389 18.9995
52.2400 369.4960 19.2007
52.2600 397.3401 19.6209
52.2800 415.6387 20.4826
52.3000 528.1802 22.0637
52.3200 577.0035 24.5278
52.3400 778.6886 27.7239
52.3600 999.7434 31.1351
52.3800 1122.7032 33.9914
52.4000 1247.0630 35.5039
52.4200 1234.3897 35.2572
52.4400 1075.8568 33.3634
52.4600 961.9687 30.3453
52.4800 749.5713 26.9719
52.5000 568.0924 23.9466
52.5200 473.0295 21.6924
52.5400 401.0117 20.2803
52.5600 383.6454 19.5184
52.5800 350.6592 19.1443
52.6000 343.0461 18.9606
52.6200 329.8101 18.8599
52.6400 354.3732 18.7951
52.6600 380.4717 18.7479
52.6800 360.6571 18.7113
52.7000 378.5922 18.6821
52.7200 336.4246 18.6585
52.7400 347.8035 18.6393
52.7600 336.5437 18.6236
52.7800 350.7627 18.6107
52.8000 353.1284 18.6002
52.8200 334.3199 18.5916
52.8400 356.2652 18.5847
52.8600 354.5215 18.5792
52.8800 353.1418 18.5749
52.9000 376.7505 18.5716
52.9200 368.8108 18.5694
52.9400 334.1096 18.5680
52.9600 362.0840 18.5674
52.9800 351.3306 18.5675
53.0000 337.4697 18.5684
53.0200 342.4330 18.5699
53.0400 301.9081 18.5721
53.0600 329.8151 18.5749
53.0800 338.8587 18.5784
53.1000 323.4995 18.5825
53.1200 347.1338 18.5872
53.1400 331.1127 18.5926
53.1600 353.8710 18.5987
53.1800 349.9328 18.6055
53.2000 359.1107 18.6131
53.2200 338.8885 18.6215
53.2400 330.6196 18.6307
53.2600 328.0187 18.6408
53.2800 348.5206 18.6592
53.3000 321.7684 18.6715
53.3200 328.4820 18.6850
53.3400 344.9850 18.7067
53.3600 342.2689 18.7230
53.3800 321.7762 18.7408
53.4000 381.4484 18.7604
53.4200 359.5530 18.7818
53.4400 315.1061 18.8054
53.4600 333.1025 18.8314
53.4800 355.7013 18.8601
53.5000 345.7607 18.8919
53.5200 352.0515 18.9272
53.5400 332.2901 18.9664
53.5600 373.1714 19.0102
53.5800 411.6995 19.0573
53.6000 361.3363 19.1126
53.6200 334.0818 19.1751
53.6400 361.7683 19.2442
53.6600 395.5853 19.3252
53.6800 389.1716 19.4264
53.7000 434.7838 19.5339
53.7200 388.9989 19.6589
53.7400 380.8584 19.8053
53.7600 354.7349 19.9782
53.7800 409.6859 20.1922
53.8000 393.1348 20.4409
53.8200 417.5457 20.7457
53.8400 476.1887 21.1312
53.8600 466.0480 21.6540
53.8800 509.6493 22.4591
53.9000 577.2366 23.8942
53.9200 714.9517 26.6272
53.9400 1038.4211 31.5410
53.9600 1548.8796 39.2412
53.9800 2402.5928 49.5500
54.0000 3845.2885 61.4149
54.0200 5473.7632 73.0952
54.0400 6818.6316 82.4120
54.0600 7463.1558 87.2749
54.0800 7530.7316 86.5720
54.1000 6297.5758 80.4453
54.1200 4921.3186 70.3220
54.1400 3458.0362 58.4147
54.1600 2205.1709 46.8345
54.1800 1385.2505 37.1827
54.2000 912.1804 30.3092
54.2200 666.3749 26.1578
54.2400 575.4198 23.9796
54.2600 542.5031 22.9117
54.2800 501.5078 22.3846
54.3000 516.7322 22.1437
54.3200 464.3353 22.1397
54.3400 520.5442 22.4936
54.3600 519.9792 23.5526
54.3800 705.2560 25.9116
54.4000 894.4558 30.1601
54.4200 1334.8953 36.3847
54.4400 1950.4155 43.8766
54.4600 2622.2542 51.2996
54.4800 3276.7219 56.9882
54.5000 3430.6305 59.2597
54.5200 3309.0262 57.2508
54.5400 2644.5139 51.7062
54.5600 1947.3095 44.2725
54.5800 1380.9117 36.6186
54.6000 919.2820 30.0988
54.6200 607.9142 25.4705
54.6400 467.9874 22.7239
54.6600 474.1149 21.3038
54.6800 411.0182 20.5948
54.7000 365.4526 20.2043
54.7200 366.1131 19.9502
54.7400 394.4986 19.7622
54.7600 379.8980 19.6137
54.7800 367.8223 19.4930
54.8000 380.2525 19.3918
54.8200 391.2404 19.3079
54.8400 383.8745 19.2387
54.8600 366.9573 19.1804
54.8800 315.5344 19.1313
54.9000 368.2339 19.0897
54.9200 347.4218 19.0547
54.9400 373.2680 19.0252
54.9600 359.0641 19.0007
54.9800 362.5558 18.9806
55.0000 371.2399 18.9643
55.0200 341.3597 18.9517
55.0400 379.7304 18.9425
55.0600 380.3600 18.9364
55.0800 373.0171 18.9335
55.1000 325.7235 18.9336
55.1200 390.6537 18.9367
55.1400 359.9509 18.9429
55.1600 348.0075 18.9523
55.1800 333.5172 18.9653
55.2000 346.7806 18.9818
55.2200 380.7805 19.0023
55.2400 362.2330 19.0272
55.2600 346.2064 19.0571
55.2800 357.8749 19.0927
55.3000 370.3611 19.1349
55.3200 370.6341 19.1847
55.3400 392.0942 19.2436
55.3600 388.8148 19.3135
55.3800 392.2459 19.3966
55.4000 380.1694 19.4962
55.4200 375.9710 19.6164
55.4400 389.0515 19.7632
55.4600 388.9036 19.9464
55.4800 430.5486 20.1863
55.5000 388.0594 20.5331
55.5200 447.0137 21.1139
55.5400 500.7366 22.2075
55.5600 618.4490 24.2877
55.5800 786.0242 27.8828
55.6000 1093.9461 33.2276
55.6200 1662.4823 40.0035
55.6400 2242.8309 47.3848
55.6600 3011.9266 54.2184
55.6800 3569.7013 59.2418
55.7000 3822.2318 61.6372
55.7200 3798.3821 61.3308
55.7400 3426.9017 58.3498
55.7600 2816.2066 52.9072
55.7800 2175.7117 45.9518
55.8000 1477.7962 38.7453
55.8200 1076.7195 32.3825
55.8400 736.4730 27.5955
55.8600 628.7833 24.5802
55.8800 550.4480 23.0168
55.9000 494.1364 22.3990
55.9200 498.4178 22.3899
55.9400 502.3914 22.9791
55.9600 580.9375 24.4903
55.9800 734.1302 27.4352
56.0000 1044.0707 32.1384
56.0200 1489.5635 38.3623
56.0400 2020.4715 45.2874
56.0600 2563.0110 51.7727
56.0800 3187.1332 56.6447
56.1000 3468.6182 59.2090
56.1200 3520.8754 59.9393
56.1400 3619.8400 59.8674
56.1600 3575.2816 59.2327
56.1800 3254.5869 57.2229
56.2000 2869.2196 53.0337
56.2200 2095.0308 46.9781
56.2400 1559.7723 40.1049
56.2600 1143.0753 33.5543
56.2800 843.1073 28.2526
56.3000 620.4575 24.6337
56.3200 523.5338 22.5330
56.3400 449.0388 21.4408
56.3600 476.7143 20.8781
56.3800 425.6349 20.5592
56.4000 400.4173 20.3546
56.4200 388.6871 20.2138
56.4400 383.3935 20.1174
56.4600 423.3998 20.0453
56.4800 389.5186 20.0173
56.5000 431.3481 20.0074
56.5200 427.5961 20.0406
56.5400 395.6953 20.1062
56.5600 408.8079 20.2083
56.5800 411.5415 20.3538
56.6000 414.1330 20.5550
56.6200 416.6371 20.8390
56.6400 471.3965 21.2733
56.6600 442.0179 22.0300
56.6800 543.7444 23.4880
56.7000 706.4477 26.2839
56.7200 916.4828 31.1027
56.7400 1429.4726 38.2100
56.7600 2245.5041 47.1353
56.7800 3174.3178 56.7204
56.8000 4231.2731 65.3240
56.8200 4967.4714 71.1011
56.8400 5253.3331 72.6542
56.8600 4900.1140 69.6306
56.8800 4021.6157 62.7511
56.9000 2904.8667 53.6338
56.9200 1890.4979 44.0917
56.9400 1263.8204 35.6343
56.9600 821.2659 29.2102
56.9800 601.1633 25.0480
57.0000 494.7290 22.7071
57.0200 473.8900 21.4807
57.0400 401.6317 20.8085
57.0600 406.0824 20.3863
57.0800 412.4006 20.0825
57.1000 377.8957 19.8457
57.1200 342.4048 19.6539
57.1400 353.0484 19.4955
57.1600 367.8822 19.3631
57.1800 382.1678 19.2514
57.2000 328.1996 19.1563
57.2200 361.7085 19.0747
57.2400 362.3552 19.0042
57.2600 358.5800 18.9475
57.2800 326.3572 18.8941
57.3000 331.5415 18.8473
57.3200 318.0819 18.8062
57.3400 348.7651 18.7700
57.3600 332.9838 18.7437
57.3800 387.1631 18.7160
57.4000 348.3586 18.6922
57.4200 321.9905 18.6727
57.4400 349.6742 18.6597
57.4600 348.4324 18.6583
57.4800 340.1022 18.6792
57.5000 365.3320 18.7382
57.5200 367.1602 18.8509
57.5400 364.3287 19.0199
57.5600 358.7954 19.2205
57.5800 378.9384 19.3961
57.6000 415.1144 19.4713
57.6200 386.9870 19.4015
57.6400 372.6508 19.2196
57.6600 333.9307 19.0001
57.6800 321.4842 18.8046
57.7000 339.2259 18.6628
57.7200 342.2013 18.5760
57.7400 314.1369 18.5296
57.7600 328.7799 18.5069
57.7800 332.4934 18.4963
57.8000 321.8442 18.4917
57.8200 353.8354 18.4904
57.8400 324.7138 18.4916
57.8600 371.3117 18.4950
57.8800 349.3770 18.5010
57.9000 342.5726 18.5097
57.9200 327.3521 18.5220
57.9400 310.4907 18.5393
57.9600 336.8478 18.5649
57.9800 345.6407 18.6070
58.0000 341.8008 18.6849
58.0200 366.5172 18.8367
58.0400 386.5793 19.1261
58.0600 408.9099 19.6334
58.0800 388.2467 20.4212
58.1000 444.9751 21.4704
58.1200 490.5686 22.6544
58.1400 547.5778 23.7107
58.1600 513.8340 24.3523
58.1800 590.2892 24.3628
58.2000 593.7780 23.6927
58.2200 528.7107 22.5866
58.2400 434.1761 21.4002
58.2600 421.8414 20.4091
58.2800 394.0818 19.7430
58.3000 367.8961 19.3947
58.3200 391.4505 19.2917
58.3400 377.1486 19.3837
58.3600 365.1726 19.7132
58.3800 390.6612 20.4685
58.4000 471.7327 21.9839
58.4200 598.7977 24.5926
58.4400 781.3456 28.3364
58.4600 1092.8810 32.7776
58.4800 1324.4105 37.0688
58.5000 1629.7115 40.1412
58.5200 1606.2673 40.9712
58.5400 1519.4673 39.2264
58.5600 1316.6119 35.5744
58.5800 924.3607 31.1024
58.6000 713.5372 26.8139
58.6200 500.8163 23.4380
58.6400 445.2500 21.2285
58.6600 411.0133 20.0031
58.6800 374.1260 19.3924
58.7000 361.7979 19.0889
58.7200 352.0224 18.9199
58.7400 359.8634 18.8092
58.7600 351.9042 18.7277
58.7800 347.5914 18.6640
58.8000 345.2615 18.6129
58.8200 341.7948 18.5714
58.8400 339.4960 18.5374
58.8600 357.4744 18.5093
58.8800 358.8347 18.4861
58.9000 344.4011 18.4669
58.9200 344.9238 18.4510
58.9400 372.1685 18.4379
58.9600 325.2914 18.4273
58.9800 324.8941 18.4188
59.0000 365.7573 18.4123
59.0200 317.3568 18.4075
59.0400 326.3427 18.4043
59.0600 352.9630 18.4026
59.0800 334.0264 18.4024
59.1000 328.8111 18.4037
59.1200 331.7969 18.4064
59.1400 362.8795 18.4107
59.1600 346.7882 18.4165
59.1800 319.3137 18.4240
59.2000 321.8095 18.4333
59.2200 302.9847 18.4446
59.2400 332.0228 18.4486
59.2600 337.0463 18.4648
59.2800 363.1024 18.4749
59.3000 319.8767 18.4975
59.3200 322.3152 18.5241
59.3400 335.0802 18.5553
59.3600 330.1751 18.5921
59.3800 368.2749 18.6357
59.4000 326.3882 18.6876
59.4200 359.0054 18.7499
59.4400 380.8215 18.8254
59.4600 395.8908 18.9182
59.4800 342.2573 19.0352
59.5000 390.8688 19.1917
59.5200 407.8049 19.4257
59.5400 394.6028 19.8303
59.5600 427.8668 20.6014
59.5800 475.6801 22.0551
59.6000 628.2135 24.5212
59.6200 810.9078 28.0999
59.6400 999.7034 32.4854
59.6600 1336.6331 37.0278
59.6800 1653.1422 40.9315
59.7000 1886.2614 43.5195
59.7200 1984.7898 44.7619
59.7400 2035.8282 45.3952
59.7600 2096.1117 45.9822
59.7800 2080.0052 46.2180
59.8000 2053.1419 45.1512
59.8200 1777.0263 42.1877
59.8400 1440.1999 37.7392
59.8600 1047.1491 32.7152
59.8800 770.3619 28.0237
59.9000 558.4253 24.3357
59.9200 498.0642 21.8930
59.9400 442.3372 20.5026
59.9600 375.3404 19.7786
59.9800 376.1171 19.3953
60.0000 367.9535 19.1664
60.0200 355.2861 19.0080
60.0400 353.4477 18.8868
60.0600 330.7894 18.7896
60.0800 361.2247 18.7097
60.1000 364.0186 18.6430
60.1200 365.3128 18.5867
60.1400 319.7936 18.5387
60.1600 315.9145 18.4975
60.1800 361.5350 18.4619
60.2000 357.3486 18.4309
60.2200 336.4290 18.4036
60.2400 329.9413 18.3795
60.2600 317.5020 18.3581
60.2800 319.4064 18.3390
60.3000 305.4778 18.3218
60.3200 341.6839 18.3064
60.3400 328.4274 18.2924
60.3600 323.3517 18.2797
60.3800 341.5086 18.2681
60.4000 334.3419 18.2575
60.4200 297.1120 18.2478
60.4400 303.4859 18.2389
60.4600 326.1283 18.2306
60.4800 307.3679 18.2229
60.5000 321.8471 18.2158
60.5200 339.5676 18.2092
60.5400 305.7132 18.2030
60.5600 320.9383 18.1972
60.5800 333.4235 18.1916
60.6000 327.6115 18.1865
60.6200 333.5590 18.1809
60.6400 313.5481 18.1764
60.6600 340.8211 18.1721
60.6800 329.0423 18.1681
60.7000 334.8641 18.1643
60.7200 335.4220 18.1606
60.7400 320.5430 18.1572
60.7600 344.7027 18.1539
60.7800 326.2926 18.1507
60.8000 328.6922 18.1477
60.8200 337.5169 18.1448
60.8400 309.1437 18.1420
60.8600 318.9255 18.1394
60.8800 330.7699 18.1368
60.9000 311.2176 18.1344
60.9200 313.7067 18.1320
60.9400 335.3897 18.1297
60.9600 358.9670 18.1225
60.9800 320.6978 18.1205
61.0000 291.7937 18.1185
61.0200 325.3852 18.1166
61.0400 308.1403 18.1147
61.0600 342.5620 18.1129
61.0800 364.9823 18.1111
61.1000 349.5326 18.1094
61.1200 308.6098 18.1078
61.1400 306.9474 18.1062
61.1600 338.8321 18.1046
61.1800 325.0893 18.1031
61.2000 337.5777 18.1016
61.2200 316.7643 18.1001
61.2400 301.8514 18.0987
61.2600 340.1759 18.0973
61.2800 307.4384 18.0959
61.3000 311.2495 18.0945
61.3200 340.1012 18.0933
61.3400 360.7414 18.0920
61.3600 305.6820 18.0907
61.3800 331.5732 18.0895
61.4000 363.4246 18.0883
61.4200 322.2466 18.0872
61.4400 328.2135 18.0860
61.4600 332.0505 18.0848
61.4800 322.5671 18.0837
61.5000 332.9613 18.0826
61.5200 359.4184 18.0815
61.5400 335.7909 18.0804
61.5600 348.0586 18.0793
61.5800 334.0461 18.0783
61.6000 351.3033 18.0773
61.6200 348.5867 18.0762
61.6400 340.2201 18.0752
61.6600 332.7358 18.0742
61.6800 359.0465 18.0733
61.7000 308.5323 18.0723
61.7200 301.3526 18.0714
61.7400 320.0785 18.0704
61.7600 337.8270 18.0695
61.7800 327.5183 18.0686
61.8000 347.6982 18.0677
61.8200 303.1571 18.0668
61.8400 322.1338 18.0659
61.8600 304.3524 18.0651
61.8800 354.1532 18.0642
61.9000 291.4831 18.0634
61.9200 361.5331 18.0626
61.9400 311.7056 18.0618
61.9600 317.7484 18.0610
61.9800 346.1157 18.0602
62.0000 328.6735 18.0595
62.0200 328.0616 18.0588
62.0400 357.0385 18.0580
62.0600 338.1829 18.0574
62.0800 338.5209 18.0567
62.1000 304.1881 18.0561
62.1200 318.7905 18.0554
62.1400 331.3363 18.0500
62.1600 342.1234 18.0496
62.1800 347.0561 18.0492
62.2000 368.2259 18.0488
62.2200 317.8252 18.0485
62.2400 325.8333 18.0425
62.2600 295.9330 18.0424
62.2800 351.9690 18.0424
62.3000 322.7462 18.0425
62.3200 353.8764 18.0427
62.3400 332.7870 18.0432
62.3600 312.8138 18.0438
62.3800 305.9261 18.0447
62.4000 314.6283 18.0460
62.4200 325.6439 18.0477
62.4400 290.4420 18.0501
62.4600 319.4092 18.0538
62.4800 304.8515 18.0601
62.5000 353.1414 18.0725
62.5200 326.4652 18.0985
62.5400 338.8916 18.1516
62.5600 310.9577 18.2503
62.5800 309.3602 18.4096
62.6000 368.4603 18.6272
62.6200 346.3410 18.8693
62.6400 355.7803 19.0679
62.6600 387.6163 19.1403
62.6800 363.8714 19.0479
62.7000 368.5025 18.8384
62.7200 358.8893 18.5950
62.7400 345.7854 18.3820
62.7600 327.2942 18.2290
62.7800 342.4372 18.1354
62.8000 308.9070 18.0852
62.8200 333.5784 18.0601
62.8400 322.0237 18.0475
62.8600 347.9546 18.0403
62.8800 332.3989 18.0356
62.9000 333.8694 18.0319
62.9200 339.5292 18.0290
62.9400 350.0539 18.0265
62.9600 333.9082 18.0244
62.9800 337.0873 18.0225
63.0000 337.0006 18.0208
63.0200 306.7068 18.0193
63.0400 318.8707 18.0180
63.0600 298.2338 18.0167
63.0800 299.4073 18.0156
63.1000 318.1921 18.0145
63.1200 360.3747 18.0135
63.1400 342.5710 18.0125
63.1600 323.9685 18.0116
63.1800 322.5711 18.0107
63.2000 327.0896 18.0099
63.2200 322.6186 18.0092
63.2400 343.9501 18.0084
63.2600 330.2931 18.0077
63.2800 323.4315 18.0070
63.3000 315.7266 18.0064
63.3200 332.8137 18.0058
63.3400 351.9271 18.0052
63.3600 312.1588 18.0047
63.3800 315.9968 18.0042
63.4000 317.0507 18.0038
63.4200 346.5367 18.0034
63.4400 296.8801 18.0031
63.4600 307.5343 18.0029
63.4800 305.4766 18.0027
63.5000 281.2182 18.0027
63.5200 340.8243 18.0027
63.5400 325.0125 18.0030
63.5600 287.3626 18.0034
63.5800 303.2075 18.0042
63.6000 340.7257 18.0053
63.6200 354.8551 18.0073
63.6400 310.2619 18.0110
63.6600 299.6486 18.0182
63.6800 316.0550 18.0319
63.7000 343.3260 18.0562
63.7200 334.5159 18.0952
63.7400 321.0122 18.1511
63.7600 343.9362 18.2231
63.7800 336.0405 18.3078
63.8000 288.5405 18.4016
63.8200 372.8273 18.5059
63.8400 378.2589 18.6221
63.8600 342.1976 18.7320
63.8800 329.3616 18.7918
63.9000 326.2988 18.7574
63.9200 356.7691 18.6319
63.9400 348.7643 18.4631
63.9600 379.2793 18.3006
63.9800 335.5701 18.1736
64.0000 324.9734 18.0897
64.0200 302.1789 18.0414
64.0400 325.7466 18.0162
64.0600 342.4002 18.0033
64.0800 337.5919 17.9963
64.1000 329.4796 17.9918
64.1200 326.1466 17.9885
64.1400 356.5838 17.9858
64.1600 317.3934 17.9835
64.1800 295.5769 17.9815
64.2000 312.9202 17.9797
64.2200 329.8677 17.9782
64.2400 358.5042 17.9767
64.2600 343.6417 17.9754
64.2800 336.3203 17.9742
64.3000 327.1392 17.9730
64.3200 292.5782 17.9719
64.3400 305.6706 17.9709
64.3600 342.8940 17.9699
64.3800 303.8663 17.9689
64.4000 318.6578 17.9680
64.4200 299.1712 17.9671
64.4400 312.1332 17.9662
64.4600 343.2684 17.9653
64.4800 348.8463 17.9645
64.5000 320.3261 17.9637
64.5200 311.4045 17.9628
64.5400 313.8058 17.9620
64.5600 331.8791 17.9612
64.5800 341.7944 17.9605
64.6000 312.0154 17.9597
64.6200 322.9113 17.9589
64.6400 296.5486 17.9582
64.6600 335.1362 17.9574
64.6800 342.8943 17.9567
64.7000 303.2799 17.9559
64.7200 304.6569 17.9552
64.7400 318.2961 17.9545
64.7600 317.8982 17.9538
64.7800 342.6281 17.9530
64.8000 340.1722 17.9523
64.8200 326.7377 17.9516
64.8400 342.0382 17.9509
64.8600 357.9709 17.9502
64.8800 297.2576 17.9495
64.9000 286.2751 17.9488
64.9200 300.2883 17.9481
64.9400 316.6508 17.9474
64.9600 319.6822 17.9467
64.9800 357.6577 17.9460
65.0000 328.8407 17.9453
65.0200 315.2752 17.9446
65.0400 321.6848 17.9439
65.0600 315.2053 17.9432
65.0800 309.4903 17.9425
65.1000 334.9123 17.9418
65.1200 339.2991 17.9411
65.1400 349.0852 17.9467
65.1600 341.5271 17.9461
65.1800 343.9322 17.9455
65.2000 316.6922 17.9450
65.2200 304.4943 17.9444
65.2400 324.0660 17.9438
65.2600 319.9581 17.9587
65.2800 333.6927 17.9584
65.3000 310.6552 17.9581
65.3200 326.6661 17.9578
65.3400 302.8728 17.9576
65.3600 362.7568 17.9573
65.3800 326.1802 17.9570
65.4000 347.2390 17.9568
65.4200 290.2299 17.9565
65.4400 315.8386 17.9563
65.4600 346.7503 17.9595
65.4800 326.6018 17.9593
65.5000 311.8204 17.9624
65.5200 337.7147 17.9623
65.5400 295.6219 17.9623
65.5600 309.5559 17.9623
65.5800 296.3099 17.9622
65.6000 319.1341 17.9623
65.6200 348.9516 17.9623
65.6400 293.3979 17.9623
65.6600 317.4228 17.9624
65.6800 339.9051 17.9625
65.7000 319.0380 17.9626
65.7200 334.3186 17.9627
65.7400 310.8084 17.9629
65.7600 300.7141 17.9630
65.7800 371.4554 17.9632
65.8000 309.6063 17.9635
65.8200 309.1074 17.9655
65.8400 333.9217 17.9658
65.8600 322.6987 17.9661
65.8800 347.6968 17.9665
65.9000 330.6257 17.9684
65.9200 329.6015 17.9688
65.9400 326.8985 17.9693
65.9600 336.2548 17.9699
65.9800 304.9834 17.9705
66.0000 340.9139 17.9711
66.0200 336.4634 17.9718
66.0400 308.9777 17.9725
66.0600 310.1489 17.9733
66.0800 341.9765 17.9741
66.1000 316.7019 17.9750
66.1200 304.3613 17.9759
66.1400 339.4972 17.9769
66.1600 326.9798 17.9779
66.1800 323.0113 17.9790
66.2000 319.3385 17.9802
66.2200 307.2932 17.9815
66.2400 319.6678 17.9828
66.2600 355.0107 17.9842
66.2800 326.4172 17.9857
66.3000 341.9954 17.9872
66.3200 324.6680 17.9889
66.3400 328.6022 17.9907
66.3600 317.5996 17.9925
66.3800 305.0106 17.9944
66.4000 344.2009 17.9965
66.4200 366.1661 17.9987
66.4400 317.9676 18.0011
66.4600 344.8210 18.0060
66.4800 371.0574 18.0087
66.5000 304.3134 18.0135
66.5200 337.9915 18.0165
66.5400 324.3512 18.0197
66.5600 333.5233 18.0231
66.5800 327.1389 18.0267
66.6000 308.7023 18.0305
66.6200 325.0934 18.0351
66.6400 282.4064 18.0393
66.6600 341.6647 18.0439
66.6800 344.0819 18.0487
66.7000 318.3690 18.0539
66.7200 327.6147 18.0594
66.7400 334.9087 18.0656
66.7600 340.8882 18.0718
66.7800 305.3514 18.0784
66.8000 301.3602 18.0855
66.8200 326.8893 18.0931
66.8400 317.7483 18.1011
66.8600 348.7444 18.1098
66.8800 346.0400 18.1191
66.9000 325.1260 18.1291
66.9200 340.5841 18.1399
66.9400 316.0598 18.1514
66.9600 339.9373 18.1639
66.9800 319.5728 18.1774
67.0000 350.2129 18.1920
67.0200 328.4388 18.2079
67.0400 326.2645 18.2251
67.0600 349.3797 18.2438
67.0800 311.0702 18.2643
67.1000 364.8478 18.2867
67.1200 322.4945 18.3113
67.1400 357.6556 18.3384
67.1600 343.5795 18.3683
67.1800 320.8892 18.4014
67.2000 322.5606 18.4382
67.2200 340.6067 18.4793
67.2400 342.4657 18.5253
67.2600 334.5812 18.5772
67.2800 332.3517 18.6359
67.3000 344.2867 18.7027
67.3200 355.8917 18.7792
67.3400 340.1539 18.8673
67.3600 357.3704 18.9698
67.3800 390.3581 19.0898
67.4000 376.3094 19.2321
67.4200 391.3873 19.4035
67.4400 370.3071 19.6169
67.4600 376.1917 19.9010
67.4800 410.3092 20.3225
67.5000 449.9192 21.0253
67.5200 440.6205 22.2635
67.5400 595.1832 24.3629
67.5600 764.9916 27.5495
67.5800 999.8899 31.7356
67.6000 1277.4470 36.4577
67.6200 1674.8423 41.0058
67.6400 1975.5890 44.6230
67.6600 2174.2364 46.8827
67.6800 2311.3841 48.3492
67.7000 2481.6935 50.3917
67.7200 2909.5943 53.8530
67.7400 3488.9182 58.2385
67.7600 3773.5913 61.9597
67.7800 4075.1978 63.1099
67.8000 3744.7295 60.6316
67.8200 3006.2157 55.0798
67.8400 2358.2155 47.9525
67.8600 1634.1892 40.8968
67.8800 1252.5711 35.4646
67.9000 1061.6899 32.7884
67.9200 1179.9380 33.0203
67.9400 1201.5073 35.2501
67.9600 1547.2926 38.1502
67.9800 1636.8764 40.5148
68.0000 1781.1463 41.5734
68.0200 1735.2392 41.0923
68.0400 1590.4462 39.0704
68.0600 1298.1759 35.7892
68.0800 1068.0517 31.9107
68.1000 793.6772 28.1439
68.1200 617.0690 25.0096
68.1400 523.6312 22.7593
68.1600 456.9983 21.3684
68.1800 429.7800 20.6431
68.2000 407.6265 20.3938
68.2200 444.7472 20.5417
68.2400 393.3429 21.1212
68.2600 463.5342 22.1964
68.2800 548.5412 23.7462
68.3000 641.1649 25.5937
68.3200 750.8482 27.4158
68.3400 818.5115 28.8138
68.3600 838.4160 29.5162
68.3800 892.2259 29.5983
68.4000 892.6982 29.2654
68.4200 822.7087 28.5239
68.4400 741.1667 27.2555
68.4600 589.3922 25.5443
68.4800 559.6275 23.6929
68.5000 466.9484 22.0039
68.5200 428.9319 20.6756
68.5400 338.6555 19.7687
68.5600 357.9022 19.2226
68.5800 345.5329 18.9217
68.6000 359.8743 18.7605
68.6200 353.9960 18.6707
68.6400 341.4664 18.6168
68.6600 310.3861 18.5834
68.6800 354.1655 18.5644
68.7000 335.6324 18.5578
68.7200 358.3280 18.5631
68.7400 332.5995 18.5811
68.7600 336.7577 18.6136
68.7800 378.8100 18.6648
68.8000 394.3580 18.7442
68.8200 377.9348 18.8758
68.8400 369.2797 19.1152
68.8600 332.9464 19.5778
68.8800 419.2970 20.4553
68.9000 476.2558 21.9775
68.9200 606.1564 24.2858
68.9400 742.6859 27.2836
68.9600 926.5279 30.5816
68.9800 1156.6276 33.5549
69.0000 1293.5828 35.4768
69.0200 1226.5093 35.8150
69.0400 1206.7193 34.5232
69.0600 1017.5511 32.0509
69.0800 837.9377 29.1463
69.1000 723.4551 26.5227
69.1200 624.7418 24.6103
69.1400 523.1860 23.4361
69.1600 530.7605 22.7081
69.1800 512.7082 22.1295
69.2000 438.0788 21.6288
69.2200 449.7838 21.2659
69.2400 458.8974 21.0676
69.2600 457.3135 20.9580
69.2800 492.3303 20.7812
69.3000 437.0772 20.4287
69.3200 372.8407 19.9370
69.3400 375.7316 19.4164
69.3600 371.2744 18.9614
69.3800 358.2285 18.6205
69.4000 346.3204 18.3957
69.4200 312.0050 18.2599
69.4400 305.6312 18.1805
69.4600 320.6253 18.1310
69.4800 341.4892 18.0968
69.5000 341.0620 18.0705
69.5200 325.9145 18.0493
69.5400 319.7832 18.0307
69.5600 340.6557 18.0145
69.5800 332.0213 18.0001
69.6000 342.0921 17.9873
69.6200 326.5459 17.9759
69.6400 329.5541 17.9655
69.6600 308.0522 17.9561
69.6800 336.8245 17.9475
69.7000 334.3768 17.9396
69.7200 324.6982 17.9323
69.7400 327.4939 17.9256
69.7600 318.9587 17.9194
69.7800 332.9019 17.9135
69.8000 316.6670 17.9081
69.8200 350.2170 17.9031
69.8400 352.9202 17.8983
69.8600 350.2156 17.8939
69.8800 337.3605 17.8897
69.9000 321.7990 17.8857
69.9200 313.6693 17.8820
69.9400 320.3260 17.8785
69.9600 310.1386 17.8751
69.9800 309.2286 17.8720
70.0000 343.0547 17.8690
70.0200 336.9691 17.8662
70.0400 328.3054 17.8635
70.0600 309.6624 17.8610
70.0800 312.8236 17.8586
70.1000 308.1465 17.8564
70.1200 305.6908 17.8543
70.1400 322.0813 17.8524
70.1600 320.6512 17.8506
70.1800 293.0156 17.8490
70.2000 320.8968 17.8412
70.2200 312.0291 17.8399
70.2400 280.2518 17.8389
70.2600 322.1830 17.8380
70.2800 319.4912 17.8374
70.3000 316.1538 17.8370
70.3200 330.7037 17.8215
70.3400 312.6230 17.8219
70.3600 302.0818 17.8226
70.3800 346.0319 17.8253
70.4000 310.6142 17.8270
70.4200 370.7970 17.8294
70.4400 310.7546 17.8326
70.4600 310.1531 17.8369
70.4800 342.6740 17.8430
70.5000 298.9979 17.8510
70.5200 336.1255 17.8616
70.5400 352.0635 17.8826
70.5600 308.3702 17.9228
70.5800 303.1889 17.9991
70.6000 327.6415 18.1502
70.6200 359.2348 18.4095
70.6400 347.3861 18.7985
70.6600 367.6079 19.2951
70.6800 411.1046 19.8151
70.7000 411.2971 20.2150
70.7200 407.9402 20.3352
70.7400 417.4644 20.1157
70.7600 370.1546 19.6604
70.7800 383.9790 19.1331
70.8000 338.4354 18.6612
70.8200 321.7315 18.3097
70.8400 339.4566 18.0846
70.8600 327.8778 17.9573
70.8800 366.2034 17.8906
70.9000 324.4649 17.8544
70.9200 331.9240 17.8350
70.9400 319.6071 17.8225
70.9600 327.2754 17.8134
70.9800 314.9682 17.8048
71.0000 332.0259 17.7990
71.0200 342.6312 17.7942
71.0400 325.4099 17.7902
71.0600 311.1449 17.7867
71.0800 339.4043 17.7838
71.1000 330.4486 17.7812
71.1200 321.0454 17.7790
71.1400 307.5105 17.7770
71.1600 303.1204 17.7753
71.1800 292.1601 17.7738
71.2000 310.9454 17.7725
71.2200 324.9218 17.7713
71.2400 315.9025 17.7703
71.2600 309.3393 17.7705
71.2800 317.3663 17.7698
71.3000 307.7127 17.7692
71.3200 307.8990 17.7687
71.3400 297.6700 17.7696
71.3600 321.8912 17.7693
71.3800 313.5049 17.7692
71.4000 335.2462 17.7692
71.4200 311.7320 17.7694
71.4400 331.4038 17.7697
71.4600 316.7080 17.7701
71.4800 299.2953 17.7707
71.5000 356.0691 17.7715
71.5200 312.3896 17.7725
71.5400 315.5105 17.7737
71.5600 328.7351 17.7727
71.5800 315.6144 17.7725
71.6000 314.3640 17.7747
71.6200 316.4874 17.7773
71.6400 295.3927 17.7803
71.6600 289.4815 17.7838
71.6800 300.9800 17.7960
71.7000 297.2915 17.8011
71.7200 329.5826 17.8067
71.7400 320.4409 17.8140
71.7600 308.4419 17.8228
71.7800 277.9364 17.8336
71.8000 315.0961 17.8471
71.8200 311.4508 17.8646
71.8400 295.0775 17.8888
71.8600 299.5771 17.9275
71.8800 307.3997 17.9961
71.9000 325.0149 18.1228
71.9200 340.6065 18.3524
71.9400 360.8466 18.7360
71.9600 375.7623 19.3074
71.9800 409.5877 20.0531
72.0000 446.8563 20.8911
72.0200 514.2728 21.6704
72.0400 494.1815 22.2158
72.0600 518.2721 22.4450
72.0800 520.4133 22.3854
72.1000 489.7806 22.0482
72.1200 450.0236 21.4333
72.1400 406.2598 20.6409
72.1600 368.9549 19.8358
72.1800 351.4205 19.1460
72.2000 375.6093 18.6323
72.2200 369.6609 18.2953
72.2400 342.3445 18.0969
72.2600 340.6339 17.9885
72.2800 308.0194 17.9304
72.3000 300.9007 17.8976
72.3200 352.9662 17.8770
72.3400 343.4445 17.8629
72.3600 297.1207 17.8525
72.3800 275.0240 17.8449
72.4000 301.8497 17.8394
72.4200 345.9422 17.8356
72.4400 345.8166 17.8333
72.4600 291.5380 17.8323
72.4800 362.4691 17.8325
72.5000 321.4833 17.8339
72.5200 334.8708 17.8365
72.5400 317.2804 17.8402
72.5600 319.3108 17.8451
72.5800 333.8454 17.8514
72.6000 309.6944 17.8592
72.6200 343.8887 17.8686
72.6400 313.9824 17.8800
72.6600 324.8306 17.8937
72.6800 319.2896 17.9102
72.7000 305.5789 17.9302
72.7200 330.4376 17.9626
72.7400 357.8454 17.9928
72.7600 335.8409 18.0315
72.7800 328.3800 18.0847
72.8000 289.6961 18.1743
72.8200 312.5483 18.3146
72.8400 358.7690 18.5712
72.8600 381.6201 19.0309
72.8800 403.4672 19.7874
72.9000 426.2395 20.8832
72.9200 553.2052 22.2485
72.9400 562.3073 23.6795
72.9600 657.0513 24.8716
72.9800 623.7300 25.5175
73.0000 621.5452 25.5508
73.0200 643.1978 25.3027
73.0400 636.4138 25.2451
73.0600 634.6904 25.6504
73.0800 643.8798 26.4350
73.1000 750.0011 27.2100
73.1200 701.6826 27.4832
73.1400 747.9573 26.9198
73.1600 610.3388 25.5719
73.1800 619.8526 23.8181
73.2000 505.6002 22.0674
73.2200 441.6893 20.5993
73.2400 410.9275 19.5494
73.2600 351.7987 18.8950
73.2800 330.7756 18.5275
73.3000 357.5259 18.3307
73.3200 347.2076 18.2229
73.3400 354.6711 18.1580
73.3600 338.0478 18.1144
73.3800 308.8304 18.0829
73.4000 323.9594 18.0595
73.4200 310.5960 18.0422
73.4400 345.4486 18.0300
73.4600 343.5766 18.0220
73.4800 324.0850 18.0179
73.5000 302.7652 18.0172
73.5200 355.1809 18.0199
73.5400 335.9911 18.0260
73.5600 319.8890 18.0356
73.5800 326.6858 18.0490
73.6000 328.1064 18.0669
73.6200 327.7424 18.0899
73.6400 316.6342 18.1196
73.6600 327.3318 18.1590
73.6800 309.1991 18.2147
73.7000 328.0599 18.3019
73.7200 318.5538 18.4516
73.7400 331.8381 18.7181
73.7600 369.4831 19.1771
73.7800 369.2378 19.9032
73.8000 433.1722 20.9273
73.8200 494.6349 22.1986
73.8400 531.2381 23.5717
73.8600 612.8379 24.8227
73.8800 654.3523 25.7357
73.9000 684.5985 26.2572
73.9200 660.7183 26.4413
73.9400 684.3595 26.2385
73.9600 678.5944 25.5234
73.9800 601.8368 24.3444
74.0000 558.7472 22.9612
74.0200 476.9330 21.6527
74.0400 430.1195 20.6162
74.0600 374.7642 19.9251
74.0800 368.6776 19.5687
74.1000 393.9609 19.4866
74.1200 379.5106 19.6380
74.1400 375.4999 20.0547
74.1600 405.6378 20.8782
74.1800 516.4183 22.3614
74.2000 577.1556 24.7873
74.2200 789.9783 28.2697
74.2400 1081.0415 32.6109
74.2600 1289.5230 37.2632
74.2800 1666.4495 41.4154
74.3000 1810.9642 44.0863
74.3200 2027.9272 44.3990
74.3400 1783.2757 42.2220
74.3600 1435.9322 38.3045
74.3800 1152.9790 33.6595
74.4000 871.3541 29.1887
74.4200 667.9676 25.5632
74.4400 498.5365 23.0956
74.4600 503.7561 21.6876
74.4800 433.2118 20.9726
74.5000 418.1907 20.5558
74.5200 390.7633 20.1880
74.5400 360.6284 19.8021
74.5600 412.0117 19.4265
74.5800 354.7426 19.0999
74.6000 341.0679 18.8453
74.6200 339.3518 18.6638
74.6400 316.9902 18.5413
74.6600 375.7365 18.4610
74.6800 345.7348 18.4074
74.7000 351.7624 18.3701
74.7200 345.6768 18.3445
74.7400 341.2427 18.3270
74.7600 312.5913 18.3160
74.7800 330.9956 18.3107
74.8000 360.7386 18.3106
74.8200 302.9018 18.3153
74.8400 357.4192 18.3248
74.8600 332.3674 18.3390
74.8800 343.9642 18.3582
74.9000 358.3544 18.3880
74.9200 329.8354 18.4181
74.9400 344.3299 18.4544
74.9600 313.7365 18.4976
74.9800 332.2872 18.5535
75.0000 339.1210 18.6145
75.0200 384.1500 18.6855
75.0400 318.0761 18.7697
75.0600 363.5189 18.8689
75.0800 362.8219 18.9869
75.1000 401.1488 19.1288
75.1200 400.5742 19.3017
75.1400 378.9363 19.5190
75.1600 423.4283 19.8092
75.1800 424.0602 20.2354
75.2000 425.5830 20.9294
75.2200 478.7909 22.1232
75.2400 554.7919 24.1273
75.2600 767.8205 27.2032
75.2800 972.7454 31.3809
75.3000 1294.3360 36.3708
75.3200 1698.9836 41.6230
75.3400 2078.2679 46.4277
75.3600 2504.7570 50.0392
75.3800 2694.4403 52.0816
75.4000 2757.2502 52.8817
75.4200 2907.8988 52.8823
75.4400 2761.3220 51.9539
75.4600 2375.8046 49.5592
75.4800 2086.8670 45.5784
75.5000 1599.4086 40.5937
75.5200 1244.6654 35.3978
75.5400 955.9091 30.6916
75.5600 698.4586 26.9819
75.5800 568.1353 24.4793
75.6000 534.9336 23.0921
75.6200 527.9332 22.6000
75.6400 518.5518 22.8701
75.6600 566.7751 23.9665
75.6800 655.4813 26.0819
75.7000 863.9453 29.3455
75.7200 1134.0653 33.6482
75.7400 1459.0761 38.6018
75.7600 1862.4866 43.5966
75.7800 2302.3648 47.8663
75.8000 2503.8600 50.7367
75.8200 2783.7578 52.0179
75.8400 2655.6998 51.7772
75.8600 2449.0941 49.8502
75.8800 2120.6229 46.1759
75.9000 1713.7058 41.2839
75.9200 1301.1730 35.9938
75.9400 966.9815 31.0325
75.9600 684.9642 26.9255
75.9800 563.6674 23.9266
76.0000 516.6513 21.9828
76.0200 434.5767 20.8285
76.0400 411.0199 20.1598
76.0600 399.6304 19.7520
76.0800 382.8971 19.4771
76.1000 370.0682 19.2734
76.1200 384.5822 19.1134
76.1400 346.0726 18.9840
76.1600 365.2382 18.8780
76.1800 337.1130 18.7910
76.2000 353.8793 18.7196
76.2200 337.3980 18.6615
76.2400 373.8532 18.6150
76.2600 368.8845 18.5786
76.2800 339.7285 18.5516
76.3000 339.1938 18.5332
76.3200 339.6793 18.5233
76.3400 364.1084 18.5217
76.3600 351.7256 18.5289
76.3800 342.6300 18.5453
76.4000 331.6942 18.5719
76.4200 342.4827 18.6102
76.4400 319.7430 18.6622
76.4600 350.0767 18.7310
76.4800 358.1656 18.8222
76.5000 361.4019 18.9458
76.5200 321.4513 19.1282
76.5400 384.7746 19.4241
76.5600 402.6391 19.9447
76.5800 414.5291 20.8743
76.6000 486.7646 22.4426
76.6200 669.1579 24.8067
76.6400 762.5933 27.9117
76.6600 976.4902 31.4300
76.6800 1177.2887 34.8129
76.7000 1302.0847 37.3823
76.7200 1424.3075 38.5132
76.7400 1516.1992 38.1131
76.7600 1282.4299 36.8975
76.7800 1316.0067 35.8934
76.8000 1264.9576 35.8047
76.8200 1393.4599 36.6454
76.8400 1411.2820 37.7338
76.8600 1455.4794 38.0558
76.8800 1401.4433 36.9054
76.9000 1160.5542 34.3720
76.9200 980.9347 31.0636
76.9400 788.2055 27.6394
76.9600 637.8290 24.6253
76.9800 490.1889 22.3459
77.0000 457.1315 20.8440
77.0200 400.8729 19.9644
77.0400 378.8733 19.4901
77.0600 371.1479 19.2526
77.0800 378.7569 19.1659
77.1000 387.6887 19.2132
77.1200 387.6457 19.4201
77.1400 434.7422 19.8215
77.1600 438.9492 20.4223
77.1800 467.0829 21.1605
77.2000 494.8487 21.8949
77.2200 515.1013 22.4172
77.2400 517.1909 22.5232
77.2600 535.2276 22.1682
77.2800 488.8843 21.5138
77.3000 466.4986 20.7822
77.3200 417.6299 20.1460
77.3400 399.0455 19.7001
77.3600 408.5268 19.4656
77.3800 384.3201 19.4216
77.4000 397.5666 19.5494
77.4200 348.4599 19.8767
77.4400 420.3478 20.5110
77.4600 450.7130 21.6491
77.4800 513.0626 23.5273
77.5000 685.4611 26.2980
77.5200 923.6616 29.9036
77.5400 1174.8886 34.0443
77.5600 1439.5518 38.2323
77.5800 1780.6495 41.8568
77.6000 2017.7316 44.3609
77.6200 2082.6934 45.6235
77.6400 2039.6887 45.9113
77.6600 2181.6334 45.3008
77.6800 1885.4145 43.5581
77.7000 1725.9358 40.6315
77.7200 1363.0278 36.8891
77.7400 1103.6872 32.8485
77.7600 841.6600 28.9830
77.7800 669.1189 25.6738
77.8000 539.4082 23.1378
77.8200 454.3923 21.3847
77.8400 411.1631 20.2677
77.8600 364.0646 19.5861
77.8800 369.1958 19.1671
77.9000 363.9081 18.8947
77.9200 353.2308 18.7027
77.9400 329.0411 18.5568
77.9600 333.1910 18.4399
77.9800 346.0983 18.3431
78.0000 314.1275 18.2616
78.0200 343.6203 18.1841
78.0400 314.0039 18.1242
78.0600 346.9095 18.0721
78.0800 348.5834 18.0266
78.1000 315.7535 17.9865
78.1200 324.7774 17.9429
78.1400 329.2989 17.9114
78.1600 318.6157 17.8832
78.1800 336.5778 17.8578
78.2000 310.4560 17.8349
78.2200 329.8678 17.8142
78.2400 353.4195 17.7953
78.2600 311.4000 17.7780
78.2800 326.6758 17.7622
78.3000 316.4757 17.7476
78.3200 304.4760 17.7342
78.3400 363.5814 17.7218
78.3600 295.3131 17.7103
78.3800 281.7564 17.6996
78.4000 311.8396 17.6896
78.4200 319.6813 17.6803
78.4400 318.6719 17.6716
78.4600 285.8220 17.6567
78.4800 278.7523 17.6491
78.5000 300.0189 17.6420
78.5200 293.7539 17.6277
78.5400 328.7825 17.6215
78.5600 304.5807 17.6158
78.5800 333.5137 17.6102
78.6000 346.9883 17.6049
78.6200 288.8364 17.5998
78.6400 331.9739 17.5950
78.6600 333.2288 17.5904
78.6800 331.7849 17.5860
78.7000 333.4758 17.5818
78.7200 308.5777 17.5778
78.7400 308.6435 17.5739
78.7600 294.1322 17.5702
78.7800 330.8934 17.5667
78.8000 292.8979 17.5633
78.8200 336.8303 17.5600
78.8400 324.9121 17.5568
78.8600 318.1865 17.5538
78.8800 339.3645 17.5508
78.9000 298.7558 17.5480
78.9200 311.3069 17.5453
78.9400 340.3560 17.5426
78.9600 313.4946 17.5400
78.9800 309.7344 17.5375
79.0000 337.7297 17.5351
79.0200 303.7450 17.5328
79.0400 329.2875 17.5305
79.0600 301.7411 17.5282
79.0800 316.9029 17.5261
79.1000 283.7025 17.5240
79.1200 298.4222 17.5219
79.1400 304.1811 17.5199
79.1600 303.1035 17.5180
79.1800 318.9636 17.5161
79.2000 314.1342 17.5142
79.2200 304.0469 17.5124
79.2400 320.0055 17.5106
79.2600 324.5124 17.5088
79.2800 320.9448 17.5071
79.3000 299.5741 17.5055
79.3200 312.7965 17.5038
79.3400 272.4633 17.5022
79.3600 288.9256 17.5006
79.3800 352.0888 17.4991
79.4000 298.7050 17.4922
79.4200 303.8811 17.4908
79.4400 331.4245 17.4894
79.4600 323.1081 17.4880
79.4800 301.3386 17.4866
79.5000 330.9301 17.4853
79.5200 314.3494 17.4840
79.5400 294.6345 17.4827
79.5600 291.4606 17.4763
79.5800 314.8511 17.4751
79.6000 288.8864 17.4740
79.6200 338.3660 17.4728
79.6400 315.5153 17.4717
79.6600 321.3846 17.4706
79.6800 326.0567 17.4695
79.7000 293.3425 17.4684
79.7200 285.7129 17.4673
79.7400 285.2756 17.4663
79.7600 297.5155 17.4652
79.7800 263.2555 17.4642
79.8000 299.7778 17.4631
79.8200 339.8964 17.4621
79.8400 340.0258 17.4611
79.8600 300.1070 17.4601
79.8800 297.5112 17.4591
79.9000 271.9684 17.4581
79.9200 295.4722 17.4572
79.9400 306.4892 17.4554
79.9600 340.1793 17.4545
79.9800 325.4474 17.4535
80.0000 320.1547 17.4526
80.0200 305.1768 17.4517
80.0400 322.1532 17.4508
80.0600 334.7795 17.4499
80.0800 298.8401 17.4490
80.1000 329.2090 17.4481
80.1200 328.2749 17.4473
80.1400 272.8145 17.4464
80.1600 312.2399 17.4456
80.1800 296.0007 17.4447
80.2000 307.3029 17.4439
80.2200 318.5936 17.4430
80.2400 298.6607 17.4422
80.2600 307.4810 17.4414
80.2800 281.8132 17.4406
80.3000 297.7118 17.4341
80.3200 311.7375 17.4334
80.3400 313.7018 17.4329
80.3600 333.0482 17.4322
80.3800 286.1886 17.4264
80.4000 304.4055 17.4251
80.4200 294.8122 17.4245
80.4400 309.8857 17.4235
80.4600 299.6528 17.4230
80.4800 321.8954 17.4224
80.5000 258.4855 17.4219
80.5200 331.3410 17.4214
80.5400 324.4592 17.4209
80.5600 288.9334 17.4204
80.5800 303.4142 17.4199
80.6000 289.9745 17.4194
80.6200 321.0366 17.4190
80.6400 308.7506 17.4186
80.6600 312.5279 17.4182
80.6800 282.6206 17.4178
80.7000 283.6092 17.4174
80.7200 287.7552 17.4171
80.7400 284.5110 17.4168
80.7600 302.7509 17.4166
80.7800 295.2520 17.4164
80.8000 284.5595 17.4163
80.8200 314.1613 17.4162
80.8400 292.2625 17.4162
80.8600 305.9152 17.4163
80.8800 327.1656 17.4165
80.9000 329.5211 17.4168
80.9200 279.4094 17.4173
80.9400 303.9274 17.4179
80.9600 300.6329 17.4187
80.9800 311.6540 17.4198
81.0000 305.3528 17.4212
81.0200 339.9355 17.4230
81.0400 302.1568 17.4253
81.0600 315.0866 17.4282
81.0800 312.1495 17.4320
81.1000 317.1086 17.4370
81.1200 304.7485 17.4443
81.1400 295.1076 17.4558
81.1600 312.9537 17.4760
81.1800 298.2129 17.5132
81.2000 336.9075 17.5818
81.2200 311.5694 17.6977
81.2400 339.4053 17.8769
81.2600 338.8195 18.1222
81.2800 370.2875 18.4125
81.3000 364.1186 18.6968
81.3200 383.6946 18.8971
81.3400 375.0431 18.9335
81.3600 343.8719 18.7892
81.3800 350.9067 18.5264
81.4000 332.0882 18.2293
81.4200 310.5258 17.9609
81.4400 305.6771 17.7536
81.4600 307.9223 17.6130
81.4800 290.9422 17.5271
81.5000 276.8372 17.4784
81.5200 279.7987 17.4515
81.5400 311.2745 17.4359
81.5600 286.5351 17.4260
81.5800 308.9404 17.4189
81.6000 295.9389 17.4134
81.6200 270.3215 17.4089
81.6400 308.9047 17.4050
81.6600 315.2148 17.4017
81.6800 313.7883 17.3989
81.7000 314.7135 17.3964
81.7200 304.5542 17.3941
81.7400 304.7968 17.3921
81.7600 291.7231 17.3903
81.7800 307.0077 17.3886
81.8000 315.5099 17.3870
81.8200 294.0358 17.3856
81.8400 293.8281 17.3843
81.8600 288.6810 17.3830
81.8800 316.9874 17.3818
81.9000 301.9502 17.3807
81.9200 302.2569 17.3796
81.9400 297.6696 17.3786
81.9600 290.4044 17.3776
81.9800 292.0711 17.3766
82.0000 264.2931 17.3757
82.0200 306.2557 17.3749
82.0400 301.2394 17.3740
82.0600 299.0303 17.3732
82.0800 300.5206 17.3724
82.1000 286.2778 17.3716
82.1200 338.5222 17.3711
82.1400 299.4781 17.3703
82.1600 273.5833 17.3696
82.1800 259.6769 17.3689
82.2000 298.6501 17.3682
82.2200 277.5013 17.3676
82.2400 299.7171 17.3669
82.2600 310.5232 17.3663
82.2800 307.7357 17.3657
82.3000 287.4289 17.3651
82.3200 303.1892 17.3645
82.3400 308.7563 17.3639
82.3600 285.8207 17.3634
82.3800 327.0502 17.3628
82.4000 299.2852 17.3623
82.4200 258.9354 17.3618
82.4400 333.2551 17.3614
82.4600 312.3724 17.3609
82.4800 296.6673 17.3605
82.5000 316.3561 17.3601
82.5200 299.9497 17.3598
82.5400 340.2888 17.3594
82.5600 293.9001 17.3591
82.5800 288.5690 17.3589
82.6000 303.3077 17.3587
82.6200 288.4547 17.3585
82.6400 326.9751 17.3592
82.6600 324.7897 17.3591
82.6800 268.8638 17.3592
82.7000 276.6110 17.3594
82.7200 277.9277 17.3596
82.7400 319.5075 17.3600
82.7600 294.8354 17.3605
82.7800 323.0335 17.3612
82.8000 301.7412 17.3621
82.8200 309.3508 17.3632
82.8400 294.1756 17.3647
82.8600 299.5074 17.3666
82.8800 270.7269 17.3689
82.9000 325.0492 17.3720
82.9200 295.0947 17.3761
82.9400 278.5378 17.3820
82.9600 296.6068 17.3914
82.9800 245.2586 17.4078
83.0000 277.8516 17.4375
83.0200 330.6337 17.4904
83.0400 307.6447 17.5791
83.0600 331.1690 17.7136
83.0800 353.9075 17.8951
83.1000 291.2597 18.1074
83.1200 311.2078 18.3136
83.1400 351.7943 18.4572
83.1600 328.7945 18.4829
83.1800 337.0808 18.3809
83.2000 354.5887 18.1978
83.2200 346.0025 17.9946
83.2400 334.8158 17.8158
83.2600 290.5830 17.6821
83.2800 322.7233 17.5940
83.3000 327.7719 17.5383
83.3200 293.8324 17.4993
83.3400 276.4569 17.4674
83.3600 317.1695 17.4399
83.3800 304.0407 17.4169
83.4000 312.9839 17.3990
83.4200 302.6534 17.3861
83.4400 329.7684 17.3777
83.4600 332.0602 17.3726
83.4800 297.6695 17.3697
83.5000 306.1655 17.3684
83.5200 324.1404 17.3681
83.5400 274.0861 17.3685
83.5600 284.0848 17.3695
83.5800 294.0540 17.3711
83.6000 304.5948 17.3733
83.6200 302.6591 17.3761
83.6400 288.9970 17.3797
83.6600 320.2779 17.3887
83.6800 296.6236 17.3942
83.7000 316.9200 17.4053
83.7200 288.2253 17.4133
83.7400 278.2957 17.4230
83.7600 296.9728 17.4348
83.7800 294.1837 17.4496
83.8000 324.4584 17.4686
83.8200 318.0821 17.4945
83.8400 300.6425 17.5335
83.8600 303.4431 17.5985
83.8800 271.0637 17.7099
83.9000 334.1331 17.9015
83.9200 301.0732 18.2147
83.9400 342.6679 18.6800
83.9600 372.3384 19.2995
83.9800 384.9114 20.0306
84.0000 440.7302 20.7625
84.0200 465.8424 21.3574
84.0400 483.1077 21.6810
84.0600 462.6619 21.7266
84.0800 472.9938 21.6125
84.1000 477.8434 21.4760
84.1200 480.3269 21.3513
84.1400 416.2900 21.1643
84.1600 426.3569 20.8090
84.1800 446.8339 20.2719
84.2000 387.6058 19.6427
84.2200 355.8232 19.0288
84.2400 318.9802 18.5069
84.2600 346.2130 18.1133
84.2800 307.9107 17.8466
84.3000 306.7617 17.6809
84.3200 291.8373 17.5833
84.3400 341.6473 17.5261
84.3600 300.3873 17.4908
84.3800 308.7634 17.4670
84.4000 291.4974 17.4495
84.4200 271.9152 17.4357
84.4400 292.7675 17.4246
84.4600 310.7112 17.4155
84.4800 339.8626 17.4080
84.5000 307.9094 17.4018
84.5200 311.7782 17.3967
84.5400 313.0899 17.3926
84.5600 292.3784 17.3893
84.5800 292.0014 17.3920
84.6000 296.2254 17.3957
84.6200 312.4932 17.3947
84.6400 312.4656 17.3944
84.6600 333.3658 17.3948
84.6800 296.2711 17.3959
84.7000 308.7462 17.3980
84.7200 288.7938 17.4034
84.7400 285.5243 17.4083
84.7600 318.7684 17.4159
84.7800 303.6385 17.4286
84.8000 327.9788 17.4513
84.8200 312.5976 17.4920
84.8400 290.9886 17.5625
84.8600 338.6024 17.6780
84.8800 322.6411 17.8417
84.9000 330.0375 18.0518
84.9200 350.1565 18.2848
84.9400 326.3089 18.4949
84.9600 346.3214 18.6194
84.9800 331.4027 18.6079
85.0000 348.3412 18.4665
85.0200 285.3989 18.2515
85.0400 334.2949 18.0237
85.0600 308.6067 17.8249
85.0800 270.3868 17.6749
85.1000 277.8693 17.5750
85.1200 317.0991 17.5158
85.1400 275.2300 17.4845
85.1600 302.5183 17.4700
85.1800 300.3437 17.4651
85.2000 324.3248 17.4657
85.2200 277.1080 17.4700
85.2400 299.9464 17.4776
85.2600 283.2902 17.4887
85.2800 316.5745 17.5049
85.3000 287.0562 17.5297
85.3200 314.2232 17.5708
85.3400 314.6537 17.6426
85.3600 317.8457 17.7694
85.3800 313.2757 17.9833
85.4000 316.2193 18.3160
85.4200 333.2645 18.7812
85.4400 395.7599 19.3545
85.4600 381.2903 19.9612
85.4800 406.0585 20.4761
85.5000 437.7909 20.7444
85.5200 409.8368 20.6606
85.5400 432.2918 20.2617
85.5600 390.2982 19.6926
85.5800 389.2535 19.0962
85.6000 326.5840 18.5760
85.6200 315.6951 18.1814
85.6400 315.4978 17.9184
85.6600 331.5802 17.7582
85.6800 324.0172 17.6689
85.7000 324.9741 17.6218
85.7200 313.9042 17.5974
85.7400 307.3221 17.5849
85.7600 318.6884 17.5789
85.7800 310.5750 17.5769
85.8000 331.0264 17.5778
85.8200 326.7057 17.5809
85.8400 292.1549 17.5861
85.8600 317.6128 17.5931
85.8800 297.2972 17.6017
85.9000 319.5884 17.6121
85.9200 324.3320 17.6242
85.9400 315.8728 17.6380
85.9600 301.6475 17.6535
85.9800 325.5622 17.6708
86.0000 311.3049 17.6903
86.0200 295.7472 17.7121
86.0400 308.4472 17.7364
86.0600 326.8485 17.7635
86.0800 304.9012 17.7937
86.1000 328.6955 17.8274
86.1200 318.5089 17.8652
86.1400 341.0354 17.9077
86.1600 288.4175 17.9556
86.1800 339.7526 18.0100
86.2000 314.2494 18.0719
86.2200 339.3096 18.1429
86.2400 341.5668 18.2249
86.2600 321.5208 18.3202
86.2800 326.3905 18.4323
86.3000 344.1360 18.5665
86.3200 353.0869 18.7322
86.3400 365.7044 18.9478
86.3600 367.8408 19.2514
86.3800 372.9698 19.7157
86.4000 440.4847 20.4648
86.4200 485.1086 21.6734
86.4400 563.5907 23.5248
86.4600 667.9330 26.1268
86.4800 870.2623 29.4283
86.5000 1147.2147 33.1867
86.5200 1303.6485 36.9840
86.5400 1602.6780 40.2645
86.5600 1755.1637 42.4550
86.5800 1857.6180 43.2035
86.6000 1778.3256 42.4494
86.6200 1644.0897 40.3553
86.6400 1384.5091 37.3906
86.6600 1133.7198 34.2389
86.6800 941.8806 31.5498
86.7000 915.1478 29.7798
86.7200 832.8973 29.0947
86.7400 879.6540 29.3604
86.7600 895.7417 30.2943
86.7800 992.9386 31.7037
86.8000 1116.2384 33.5751
86.8200 1270.6695 35.9281
86.8400 1475.0415 38.6756
86.8600 1728.3301 41.5824
86.8800 2003.2005 44.2274
86.9000 2092.7464 46.1102
86.9200 2185.7837 46.9532
86.9400 2217.1519 46.7540
86.9600 2098.8771 45.4950
86.9800 1860.6652 43.0871
87.0000 1583.7639 39.6720
87.0200 1304.8082 35.7102
87.0400 970.6155 31.7240
87.0600 777.9122 28.1323
87.0800 652.6746 25.2107
87.1000 571.3301 23.0658
87.1200 473.5693 21.6376
87.1400 450.9733 20.7595
87.1600 405.5499 20.2459
87.1800 362.9680 19.9519
87.2000 409.2461 19.7876
87.2200 378.0505 19.7064
87.2400 420.6708 19.6886
87.2600 390.5234 19.7305
87.2800 402.9518 19.8430
87.3000 400.3456 20.0573
87.3200 402.7712 20.4421
87.3400 422.8465 21.1237
87.3600 469.3871 22.2961
87.3800 588.6244 24.1856
87.4000 723.2890 26.9565
87.4200 902.2521 30.5987
87.4400 1167.9158 34.8714
87.4600 1595.1889 39.3241
87.4800 1894.2587 43.3442
87.5000 2044.1493 46.2289
87.5200 2270.4397 47.3858
87.5400 2173.5632 46.6308
87.5600 2004.0394 44.3211
87.5800 1680.1192 41.1965
87.6000 1462.6858 38.0314
87.6200 1296.8002 35.3668
87.6400 1083.2782 33.3730
87.6600 1021.8045 31.8723
87.6800 949.2348 30.6311
87.7000 845.5236 29.6493
87.7200 839.3168 29.0781
87.7400 874.1540 28.9896
87.7600 820.4344 29.2541
87.7800 880.7929 29.5304
87.8000 788.1935 29.3787
87.8200 782.6147 28.5260
87.8400 728.5996 27.0529
87.8600 624.3174 25.2550
87.8800 555.4450 23.4338
87.9000 439.2023 21.8233
87.9200 377.7459 20.5572
87.9400 376.0268 19.6610
87.9600 361.5416 19.0768
87.9800 314.6133 18.7133
88.0000 377.9335 18.4876
88.0200 303.2514 18.3383
88.0400 325.4722 18.2322
88.0600 355.7341 18.1515
88.0800 331.8432 18.0877
88.1000 321.0249 18.0364
88.1200 342.0825 17.9955
88.1400 317.5595 17.9636
88.1600 345.7760 17.9399
88.1800 332.3697 17.9241
88.2000 310.7537 17.9162
88.2200 298.4144 17.9166
88.2400 324.0749 17.9261
88.2600 315.8575 17.9466
88.2800 350.5148 17.9819
88.3000 321.9468 18.0399
88.3200 343.0768 18.1368
88.3400 336.1301 18.3032
88.3600 335.7270 18.5897
88.3800 360.8197 19.0672
88.4000 381.7453 19.8135
88.4200 424.5107 20.8856
88.4400 495.7461 22.2840
88.4600 598.2511 23.9316
88.4800 691.8212 25.6668
88.5000 748.2937 27.2541
88.5200 827.9681 28.4540
88.5400 807.8781 29.1548
88.5600 863.6133 29.3606
88.5800 842.6495 29.0300
88.6000 794.9579 28.0822
88.6200 663.2755 26.5867
88.6400 562.6533 24.7971
88.6600 578.0440 22.9949
88.6800 453.0436 21.3938
88.7000 380.0128 20.1176
88.7200 374.7664 19.1979
88.7400 339.0498 18.5909
88.7600 352.7337 18.2145
88.7800 316.0369 17.9860
88.8000 299.1721 17.8432
88.8200 304.2329 17.7473
88.8400 315.0707 17.6770
88.8600 320.1001 17.6218
88.8800 314.3204 17.5765
88.9000 310.7267 17.5383
88.9200 303.3853 17.5057
88.9400 307.7945 17.4774
88.9600 285.0009 17.4527
88.9800 353.1690 17.4310
89.0000 265.5344 17.4118
89.0200 300.5175 17.3946
89.0400 291.6650 17.3792
89.0600 294.1567 17.3654
89.0800 311.6607 17.3528
89.1000 292.0473 17.3413
89.1200 296.8926 17.3309
89.1400 295.7786 17.3213
89.1600 317.4922 17.3124
89.1800 291.0070 17.3042
89.2000 330.1100 17.2966
89.2200 270.7706 17.2896
89.2400 299.9450 17.2830
89.2600 314.5479 17.2769
89.2800 308.5211 17.2711
89.3000 273.6892 17.2657
89.3200 306.6507 17.2607
89.3400 313.4816 17.2559
89.3600 309.7255 17.2514
89.3800 305.6817 17.2471
89.4000 304.6116 17.2431
89.4200 265.0673 17.2393
89.4400 269.9015 17.2357
89.4600 299.6450 17.2324
89.4800 280.6318 17.2246
89.5000 269.6690 17.2216
89.5200 318.9514 17.2142
89.5400 326.8861 17.2116
89.5600 284.1510 17.2091
89.5800 307.7649 17.2068
89.6000 286.0458 17.2046
89.6200 284.7754 17.2025
89.6400 309.8331 17.2005
89.6600 304.7511 17.1987
89.6800 296.9737 17.1960
89.7000 237.4820 17.1940
89.7200 331.7724 17.1926
89.7400 310.8665 17.1904
89.7600 275.9853 17.1892
89.7800 280.2439 17.1881
89.8000 297.9488 17.1871
89.8200 272.4802 17.1807
89.8400 266.7095 17.1801
89.8600 291.6210 17.1788
89.8800 268.3059 17.1785
89.9000 280.2991 17.1727
89.9200 313.1167 17.1728
89.9400 304.9645 17.1732
89.9600 291.3642 17.1737
89.9800 306.6957 17.1745
90.0000 299.0469 17.1756
90.0200 295.9733 17.1770
90.0400 283.3422 17.1788
90.0600 321.9229 17.1809
90.0800 288.1277 17.1836
90.1000 299.4881 17.1868
90.1200 267.2730 17.1908
90.1400 313.9320 17.1956
90.1600 297.3305 17.2016
90.1800 294.6758 17.2094
90.2000 289.5463 17.2198
90.2200 288.6348 17.2352
90.2400 302.7101 17.2597
90.2600 299.6650 17.3008
90.2800 312.7786 17.3707
90.3000 307.7259 17.4823
90.3200 341.6445 17.6499
90.3400 299.7959 17.8797
90.3600 305.8745 18.1615
90.3800 308.7235 18.4601
90.4000 321.6239 18.7210
90.4200 352.9180 18.8718
90.4400 361.2920 18.8576
90.4600 363.1089 18.6835
90.4800 340.5177 18.4163
90.5000 318.8229 18.1312
90.5200 322.4289 17.8754
90.5400 301.5396 17.6763
90.5600 335.0001 17.5404
90.5800 307.6706 17.4603
90.6000 310.8489 17.4201
90.6200 292.9983 17.4116
90.6400 308.1913 17.4243
90.6600 295.9419 17.4558
90.6800 328.2139 17.5114
90.7000 294.0326 17.6060
90.7200 305.4918 17.7669
90.7400 351.1813 18.0349
90.7600 335.8734 18.4554
90.7800 351.7389 19.0707
90.8000 362.6169 19.8812
90.8200 403.0797 20.8356
90.8400 485.1725 21.8234
90.8600 531.9256 22.6837
90.8800 555.4283 23.2390
90.9000 558.4188 23.3961
90.9200 537.5788 23.2551
90.9400 535.2982 23.0494
90.9600 534.1019 22.9824
90.9800 516.9500 23.1293
91.0000 534.9233 23.4115
91.0200 545.0990 23.6209
91.0400 584.5799 23.5151
91.0600 568.0610 22.9817
91.0800 485.1550 22.1107
91.1000 448.2377 21.0882
91.1200 411.8184 20.0864
91.1400 360.6319 19.2264
91.1600 361.7079 18.5681
91.1800 339.7279 18.1134
91.2000 311.1404 17.8261
91.2200 294.9813 17.6574
91.2400 290.1259 17.5659
91.2600 320.1071 17.5258
91.2800 293.4171 17.5274
91.3000 292.5140 17.5745
91.3200 306.8491 17.6788
91.3400 300.8646 17.8572
91.3600 288.8026 18.1076
91.3800 324.0209 18.4210
91.4000 358.8237 18.7607
91.4200 375.5183 19.0642
91.4400 334.6237 19.2511
91.4600 375.3304 19.2607
91.4800 362.2793 19.1067
91.5000 338.9900 18.8693
91.5200 359.9721 18.6490
91.5400 319.7925 18.5226
91.5600 337.4197 18.5274
91.5800 331.8419 18.6620
91.6000 350.1312 18.8758
91.6200 377.0711 19.0854
91.6400 373.8536 19.1921
91.6600 355.5350 19.1257
91.6800 340.8987 18.8937
91.7000 375.0444 18.5649
91.7200 337.7706 18.2150
91.7400 369.3289 17.8991
91.7600 296.9209 17.6469
91.7800 302.4882 17.4651
91.8000 291.3515 17.3447
91.8200 274.3315 17.2697
91.8400 278.4513 17.2241
91.8600 276.5061 17.1958
91.8800 303.0842 17.1825
91.9000 295.7642 17.1692
91.9200 288.0405 17.1589
91.9400 316.8454 17.1506
91.9600 284.6786 17.1437
91.9800 334.5698 17.1378
92.0000 310.8931 17.1329
92.0200 271.5168 17.1286
92.0400 290.3624 17.1250
92.0600 308.5825 17.1219
92.0800 288.9998 17.1245
92.1000 317.6627 17.1224
92.1200 290.4648 17.1207
92.1400 271.2841 17.1194
92.1600 293.9162 17.1184
92.1800 284.5278 17.1177
92.2000 282.1111 17.1174
92.2200 291.4092 17.1175
92.2400 281.2276 17.1179
92.2600 289.8647 17.1188
92.2800 294.5591 17.1202
92.3000 277.1589 17.1222
92.3200 314.6429 17.1254
92.3400 300.5372 17.1303
92.3600 290.3899 17.1385
92.3800 332.3152 17.1523
92.4000 298.4552 17.1752
92.4200 287.5450 17.2116
92.4400 340.9310 17.2654
92.4600 330.7111 17.3379
92.4800 273.8997 17.4257
92.5000 307.0648 17.5188
92.5200 310.3384 17.5998
92.5400 302.5687 17.6461
92.5600 308.7767 17.6408
92.5800 329.2082 17.5870
92.6000 313.9949 17.5052
92.6200 298.0877 17.4164
92.6400 295.1173 17.3365
92.6600 302.1345 17.2735
92.6800 289.8238 17.2294
92.7000 256.0974 17.2020
92.7200 301.9726 17.1870
92.7400 296.1424 17.1804
92.7600 271.4378 17.1789
92.7800 294.5836 17.1806
92.8000 265.3043 17.1842
92.8200 289.3129 17.1892
92.8400 319.7804 17.1954
92.8600 290.1636 17.2026
92.8800 295.5199 17.2110
92.9000 286.0218 17.2206
92.9200 250.3325 17.2315
92.9400 298.4242 17.2437
92.9600 296.8166 17.2576
92.9800 290.9454 17.2733
93.0000 274.5131 17.2910
93.0200 289.8478 17.3111
93.0400 291.8021 17.3340
93.0600 320.5377 17.3602
93.0800 329.3302 17.3903
93.1000 290.2786 17.4251
93.1200 268.7640 17.4658
93.1400 334.2677 17.5139
93.1600 303.3223 17.5723
93.1800 309.6393 17.6455
93.2000 292.0969 17.7426
93.2200 322.7362 17.8795
93.2400 323.4235 18.0837
93.2600 362.4975 18.3971
93.2800 367.7945 18.8761
93.3000 366.6661 19.5830
93.3200 427.0850 20.5689
93.3400 454.4682 21.8494
93.3600 589.7889 23.3820
93.3800 642.5606 25.0543
93.4000 751.8753 26.7000
93.4200 760.1414 28.1543
93.4400 833.6542 29.2892
93.4600 882.3058 30.0157
93.4800 937.9287 30.3215
93.5000 968.8027 30.3526
93.5200 895.5386 30.3383
93.5400 912.8310 30.4102
93.5600 915.6172 30.4876
93.5800 955.5543 30.3076
93.6000 855.3185 29.5960
93.6200 814.4461 28.2910
93.6400 721.5351 26.5687
93.6600 613.2991 24.6875
93.6800 487.8649 22.8795
93.7000 454.7519 21.3176
93.7200 419.5712 20.0953
93.7400 380.7803 19.2220
93.7600 346.7135 18.6433
93.7800 350.5199 18.2824
93.8000 329.1328 18.0551
93.8200 321.0577 17.9140
93.8400 344.2051 17.8155
93.8600 289.9058 17.7446
93.8800 351.5745 17.6910
93.9000 293.8722 17.6496
93.9200 311.5359 17.6175
93.9400 337.3619 17.5917
93.9600 290.4467 17.5737
93.9800 324.2604 17.5615
94.0000 322.1261 17.5545
94.0200 284.9146 17.5524
94.0400 313.6911 17.5550
94.0600 333.2317 17.5624
94.0800 317.3111 17.5746
94.1000 283.9646 17.5906
94.1200 318.6945 17.6134
94.1400 317.0023 17.6423
94.1600 302.9627 17.6783
94.1800 322.7643 17.7224
94.2000 292.6920 17.7764
94.2200 335.0947 17.8431
94.2400 315.1853 17.9275
94.2600 332.9072 18.0393
94.2800 343.9719 18.1973
94.3000 364.6219 18.4366
94.3200 342.7132 18.8153
94.3400 364.0891 19.4168
94.3600 422.0361 20.3351
94.3800 463.5217 21.6425
94.4000 544.2562 23.3448
94.4200 627.5500 25.3517
94.4400 780.0022 27.4774
94.4600 858.6588 29.4602
94.4800 951.0194 30.9898
94.5000 1026.1162 31.7971
94.5200 1000.0998 31.8510
94.5400 1007.7144 31.4482
94.5600 1009.0210 31.0127
94.5800 968.1879 30.8473
94.6000 969.0566 31.0126
94.6200 977.4787 31.3089
94.6400 935.0501 31.3533
94.6600 935.0547 30.7888
94.6800 882.9192 29.5311
94.7000 779.5314 27.7789
94.7200 646.1249 25.8250
94.7400 585.8185 23.9353
94.7600 502.4808 22.3088
94.7800 440.2815 21.0589
94.8000 408.9639 20.2074
94.8200 414.0225 19.7094
94.8400 390.2323 19.4989
94.8600 365.2473 19.5339
94.8800 372.2878 19.8230
94.9000 413.9479 20.4301
94.9200 458.0579 21.4533
94.9400 546.8140 22.9757
94.9600 628.4109 25.0057
94.9800 746.7006 27.4351
95.0000 916.6396 30.0372
95.0200 1045.0971 32.4878
95.0400 1183.6098 34.3895
95.0600 1242.7796 35.3429
95.0800 1282.6419 35.1538
95.1000 1169.2575 34.0440
95.1200 1006.8635 32.5460
95.1400 965.9467 31.2521
95.1600 892.7221 30.6359
95.1800 969.5701 30.9120
95.2000 1015.7236 31.9519
95.2200 1181.5003 33.3366
95.2400 1190.3063 34.4932
95.2600 1204.6590 34.8617
95.2800 1139.0318 34.1381
95.3000 1025.9916 32.4243
95.3200 873.5708 30.0857
95.3400 715.5545 27.5156
95.3600 567.4276 25.0436
95.3800 528.2727 22.9096
95.4000 475.5372 21.2424
95.4200 418.2720 20.0534
95.4400 379.3468 19.2658
95.4600 374.2334 18.7665
95.4800 350.0749 18.4507
95.5000 347.6073 18.2432
95.5200 303.9752 18.0979
95.5400 346.1750 17.9899
95.5600 348.3928 17.9070
95.5800 338.8045 17.8443
95.6000 318.0755 17.8016
95.6200 298.5654 17.7828
95.6400 304.1139 17.7965
95.6600 331.0803 17.8552
95.6800 299.2434 17.9735
95.7000 296.4235 18.1625
95.7200 306.6702 18.4224
95.7400 346.3763 18.7354
95.7600 350.4092 19.0617
95.7800 359.3714 19.3381
95.8000 376.2317 19.4873
95.8200 429.6006 19.4528
95.8400 369.6086 19.2420
95.8600 341.2232 18.9199
95.8800 351.3325 18.5619
95.9000 322.9811 18.2256
95.9200 324.8620 17.9456
95.9400 277.2417 17.7349
95.9600 322.0794 17.5895
95.9800 337.0608 17.4964
96.0000 317.1194 17.4402
96.0200 304.4862 17.4075
96.0400 284.9838 17.3892
96.0600 335.5112 17.3795
96.0800 313.9080 17.3752
96.1000 297.4882 17.3749
96.1200 311.4699 17.3806
96.1400 330.1058 17.3865
96.1600 308.2370 17.3952
96.1800 306.1229 17.4068
96.2000 304.2480 17.4214
96.2200 290.9544 17.4393
96.2400 295.8263 17.4607
96.2600 313.0549 17.4888
96.2800 282.9061 17.5187
96.3000 321.7504 17.5537
96.3200 324.9809 17.5948
96.3400 329.8665 17.6485
96.3600 320.4027 17.7113
96.3800 311.6752 17.7796
96.4000 307.5614 17.8632
96.4200 323.7256 17.9697
96.4400 313.8054 18.1135
96.4600 284.5015 18.3202
96.4800 322.3727 18.6330
96.5000 371.0763 19.1153
96.5200 397.2321 19.8449
96.5400 435.2597 20.8951
96.5600 534.7492 22.3070
96.5800 555.4833 24.0583
96.6000 631.8067 26.0559
96.6200 809.5781 28.1332
96.6400 857.5484 30.0636
96.6600 1052.8376 31.5919
96.6800 1053.8121 32.5551
96.7000 1051.3515 32.9557
96.7200 981.7514 32.8742
96.7400 1072.2123 32.3088
96.7600 967.8541 31.2109
96.7800 879.2379 29.6485
96.8000 799.8934 27.8521
96.8200 691.9462 26.1091
96.8400 562.4387 24.6899
96.8600 576.2578 23.8355
96.8800 586.5263 23.7452
96.9000 615.4935 24.5406
96.9200 703.0099 26.2276
96.9400 852.1180 28.6810
96.9600 932.2079 31.6613
96.9800 1234.6530 34.8374
97.0000 1499.1861 37.8024
97.0200 1693.2773 40.1083
97.0400 1667.3328 41.3765
97.0600 1696.5530 41.4134
97.0800 1689.3888 40.2050
97.1000 1345.7189 37.9168
97.1200 1272.2123 34.9050
97.1400 979.5034 31.5987
97.1600 784.9928 28.3765
97.1800 632.6958 25.5207
97.2000 569.9056 23.2016
97.2200 435.4197 21.4684
97.2400 402.3155 20.2647
97.2600 395.0489 19.4722
97.2800 365.3999 18.9613
97.3000 343.7138 18.6264
97.3200 362.0557 18.3958
97.3400 315.6492 18.2270
97.3600 305.2964 18.0971
97.3800 315.8967 17.9944
97.4000 336.6755 17.9140
97.4200 338.9400 17.8550
97.4400 301.1861 17.8205
97.4600 322.1364 17.8165
97.4800 348.2203 17.8521
97.5000 335.7480 17.9365
97.5200 313.0005 18.0751
97.5400 345.6763 18.2643
97.5600 338.3508 18.4874
97.5800 330.5865 18.7115
97.6000 340.0942 18.8882
97.6200 383.3212 18.9635
97.6400 346.8765 18.9065
97.6600 332.5232 18.7354
97.6800 341.3887 18.4978
97.7000 325.9250 18.2523
97.7200 327.8544 18.0311
97.7400 287.2516 17.8521
97.7600 336.6148 17.7169
97.7800 298.0361 17.6169
97.8000 294.7549 17.5413
97.8200 283.1159 17.4829
97.8400 325.7211 17.4343
97.8600 275.0908 17.4003
97.8800 298.8783 17.3763
97.9000 290.0079 17.3613
97.9200 310.1592 17.3545
97.9400 324.8559 17.3548
97.9600 295.9818 17.3613
97.9800 283.2238 17.3734
98.0000 304.0346 17.3907
98.0200 321.9282 17.4134
98.0400 278.0676 17.4421
98.0600 291.0358 17.4778
98.0800 299.7105 17.5224
98.1000 336.9423 17.5795
98.1200 359.8952 17.6558
98.1400 314.2301 17.7641
98.1600 301.7891 17.9278
98.1800 313.0835 18.1852
98.2000 364.6378 18.5919
98.2200 375.9507 19.2144
98.2400 430.0596 20.1116
98.2600 460.0977 21.3019
98.2800 513.6234 22.7547
98.3000 583.6805 24.3527
98.3200 703.2446 25.9159
98.3400 746.8002 27.2073
98.3600 766.7763 27.9648
98.3800 755.1991 28.0067
98.4000 750.1082 27.3726
98.4200 681.5904 26.3196
98.4400 637.7762 25.1860
98.4600 589.8212 24.2865
98.4800 587.4295 23.8706
98.5000 532.8804 24.0438
98.5200 585.5954 24.7464
98.5400 712.6240 25.7715
98.5600 727.6303 26.8213
98.5800 787.7041 27.5625
98.6000 736.7305 27.7086
98.6200 734.2686 27.1540
98.6400 638.5356 26.0257
98.6600 596.1929 24.5690
98.6800 545.1881 23.0237
98.7000 468.9556 21.5792
98.7200 415.2552 20.3616
98.7400 402.2579 19.4270
98.7600 347.1476 18.7675
98.7800 359.0847 18.3334
98.8000 298.9149 18.0605
98.8200 306.6178 17.8915
98.8400 334.8465 17.7852
98.8600 329.6956 17.7156
98.8800 318.7447 17.6682
98.9000 320.6167 17.6353
98.9200 300.1337 17.6127
98.9400 291.9254 17.5985
98.9600 311.0334 17.5915
98.9800 301.4734 17.5909
99.0000 299.0546 17.5963
99.0200 310.7443 17.6075
99.0400 315.8908 17.6241
99.0600 316.8404 17.6470
99.0800 339.8725 17.6762
99.1000 292.6202 17.7120
99.1200 298.1611 17.7551
99.1400 281.8165 17.8065
99.1600 316.9492 17.8675
99.1800 323.3472 17.9399
99.2000 352.5645 18.0268
99.2200 339.3862 18.1335
99.2400 350.8634 18.2696
99.2600 303.4630 18.4524
99.2800 319.3863 18.7108
99.3000 361.7374 19.0887
99.3200 405.7007 19.6436
99.3400 431.4447 20.4356
99.3600 457.4941 21.5078
99.3800 498.3963 22.8615
99.4000 610.9154 24.4414
99.4200 668.1197 26.1357
99.4400 784.0114 27.7867
99.4600 903.3547 29.2108
99.4800 916.7657 30.2572
99.5000 880.9519 30.9340
99.5200 1000.9634 31.4803
99.5400 1048.8699 32.2515
99.5600 1099.7420 33.5374
99.5800 1230.6013 35.4519
99.6000 1440.5482 37.9029
99.6200 1666.2090 40.6421
99.6400 1851.1066 43.3837
99.6600 2128.1156 45.8734
99.6800 2384.8099 47.8175
99.7000 2401.9201 48.8312
99.7200 2304.6149 48.5625
99.7400 2208.7206 46.8935
99.7600 1973.6352 44.0253
99.7800 1655.3549 40.3798
99.8000 1367.2221 36.4277
99.8200 1114.7760 32.5859
99.8400 833.9277 29.1925
99.8600 675.7435 26.4956
99.8800 587.9499 24.6425
99.9000 559.8858 23.6850
99.9200 562.4399 23.6014
99.9400 586.3775 24.3289
99.9600 687.4288 25.7540
99.9800 734.7157 27.7084
100.0000 932.1763 29.9598
100.0200 1036.7542 32.2137
100.0400 1126.4248 34.1230
100.0600 1312.1425 35.2994
100.0800 1240.6139 35.4272
100.1000 1177.5252 34.4480
100.1200 1067.9532 32.6016
100.1400 921.8365 30.2576
100.1600 745.3272 27.7681
100.1800 645.6230 25.4236
100.2000 527.9757 23.4376
100.2200 491.7415 21.9279
100.2400 398.7113 20.9065
100.2600 427.4509 20.2981
100.2800 387.8902 19.9791
100.3000 408.6773 19.8146
100.3200 389.1573 19.7056
100.3400 351.8058 19.5869
100.3600 396.7998 19.4347
100.3800 387.3800 19.2523
100.4000 387.3682 19.0311
100.4200 390.8047 18.7741
100.4400 330.3836 18.4996
100.4600 331.5768 18.2328
100.4800 334.4062 17.9931
100.5000 308.1506 17.7905
100.5200 312.8869 17.6277
100.5400 307.8175 17.5018
100.5600 301.7218 17.4065
100.5800 343.6009 17.3348
100.6000 288.0468 17.2799
100.6200 304.3241 17.2364
100.6400 301.0953 17.2006
100.6600 283.9623 17.1700
100.6800 319.9662 17.1430
100.7000 288.4404 17.1189
100.7200 273.3239 17.0970
100.7400 261.3006 17.0770
100.7600 313.5264 17.0586
100.7800 321.7247 17.0416
100.8000 294.1520 17.0259
100.8200 313.0526 17.0113
100.8400 264.6150 16.9977
100.8600 275.8510 16.9849
100.8800 276.6629 16.9730
100.9000 270.4212 16.9618
100.9200 267.1827 16.9510
100.9400 298.0310 16.9411
100.9600 301.0215 16.9318
100.9800 278.7335 16.9230
101.0000 314.8565 16.9146
101.0200 301.8173 16.9067
101.0400 313.6729 16.8992
101.0600 275.4846 16.8921
101.0800 312.5876 16.8853
101.1000 315.0150 16.8788
101.1200 278.4813 16.8726
101.1400 270.2057 16.8668
101.1600 265.2547 16.8612
101.1800 266.3680 16.8558
101.2000 271.3098 16.8507
101.2200 287.7772 16.8458
101.2400 266.8848 16.8411
101.2600 271.6470 16.8366
101.2800 286.3042 16.8323
101.3000 286.6875 16.8282
101.3200 300.2701 16.8242
101.3400 281.7724 16.8249
101.3600 276.1372 16.8214
101.3800 304.9419 16.8179
101.4000 280.9177 16.8195
101.4200 286.9013 16.8164
101.4400 244.9347 16.8135
101.4600 275.1256 16.8107
101.4800 274.8902 16.8081
101.5000 317.3098 16.8056
101.5200 283.0655 16.8032
101.5400 285.4359 16.8010
101.5600 291.5210 16.7989
101.5800 256.9901 16.7969
101.6000 287.6500 16.7952
101.6200 299.3708 16.7935
101.6400 299.3836 16.7921
101.6600 300.6931 16.7908
101.6800 270.2756 16.7898
101.7000 283.3188 16.7860
101.7200 276.0522 16.7854
101.7400 316.5524 16.7852
101.7600 270.9699 16.7854
101.7800 266.3442 16.7861
101.8000 306.9479 16.7877
101.8200 295.1271 16.7905
101.8400 278.3475 16.7954
101.8600 279.3992 16.8055
101.8800 302.4778 16.8181
101.9000 306.6647 16.8366
101.9200 267.6556 16.8623
101.9400 294.7408 16.8925
101.9600 251.1701 16.9319
101.9800 254.5093 16.9744
102.0000 350.2300 17.0173
102.0200 296.4958 17.0495
102.0400 285.6330 17.0681
102.0600 292.8603 17.0741
102.0800 314.9771 17.0766
102.1000 323.7757 17.0897
102.1200 284.9310 17.1282
102.1400 293.4805 17.2046
102.1600 330.3366 17.3274
102.1800 323.6867 17.4975
102.2000 315.4960 17.7062
102.2200 344.0761 17.9361
102.2400 322.9300 18.1479
102.2600 330.6269 18.3019
102.2800 321.0306 18.3577
102.3000 350.7944 18.2973
102.3200 323.4484 18.1359
102.3400 323.6148 17.9130
102.3600 304.0442 17.6745
102.3800 304.1499 17.4468
102.4000 286.1962 17.2540
102.4200 308.8036 17.1029
102.4400 293.1570 16.9935
102.4600 260.4408 16.9195
102.4800 318.1078 16.8727
102.5000 286.5559 16.8454
102.5200 240.7722 16.8318
102.5400 294.0920 16.8288
102.5600 272.8398 16.8346
102.5800 257.7728 16.8485
102.6000 283.6390 16.8706
102.6200 275.3474 16.8979
102.6400 325.3960 16.9280
102.6600 273.5910 16.9562
102.6800 301.2702 16.9759
102.7000 253.0250 16.9810
102.7200 289.4944 16.9695
102.7400 286.7725 16.9448
102.7600 285.1085 16.9136
102.7800 302.4897 16.8819
102.8000 288.0216 16.8538
102.8200 252.5928 16.8316
102.8400 267.1026 16.8162
102.8600 277.9917 16.8044
102.8800 254.6086 16.8012
102.9000 275.0082 16.8030
102.9200 268.8786 16.8098
102.9400 293.7512 16.8224
102.9600 293.3224 16.8431
102.9800 257.1331 16.8765
103.0000 304.0020 16.9266
103.0200 271.5067 17.0082
103.0400 324.5345 17.1290
103.0600 286.3145 17.2979
103.0800 301.1691 17.5175
103.1000 340.4070 17.7865
103.1200 340.0125 18.0802
103.1400 329.0406 18.3816
103.1600 364.8767 18.6349
103.1800 358.4262 18.7961
103.2000 384.8302 18.8291
103.2200 349.4470 18.7287
103.2400 364.0793 18.5266
103.2600 308.6014 18.2716
103.2800 299.3899 18.0051
103.3000 340.0077 17.7535
103.3200 308.9364 17.5303
103.3400 302.6877 17.3423
103.3600 316.3474 17.1918
103.3800 317.8128 17.0767
103.4000 283.8889 16.9924
103.4200 334.3529 16.9332
103.4400 278.2424 16.8942
103.4600 291.8888 16.8720
103.4800 261.0520 16.8590
103.5000 280.4060 16.8669
103.5200 268.9069 16.8912
103.5400 268.6680 16.9344
103.5600 287.0085 16.9980
103.5800 292.7978 17.0818
103.6000 294.3247 17.1815
103.6200 312.6404 17.2879
103.6400 298.4163 17.3858
103.6600 323.6582 17.4553
103.6800 320.9691 17.4771
103.7000 305.3013 17.4440
103.7200 284.3295 17.3663
103.7400 298.7948 17.2644
103.7600 281.8493 17.1573
103.7800 294.4570 17.0586
103.8000 291.6906 16.9764
103.8200 293.0054 16.9131
103.8400 281.5271 16.8684
103.8600 288.4305 16.8390
103.8800 292.3649 16.8210
103.9000 257.6401 16.8108
103.9200 304.4186 16.8057
103.9400 268.8482 16.8038
103.9600 298.9594 16.8039
103.9800 296.2337 16.8053
104.0000 291.0201 16.8077
104.0200 297.4060 16.8109
104.0400 284.1394 16.8147
104.0600 302.6854 16.8193
104.0800 282.3057 16.8245
104.1000 285.5806 16.8303
104.1200 267.2035 16.8368
104.1400 288.1387 16.8439
104.1600 290.3477 16.8518
104.1800 250.5481 16.8604
104.2000 286.4856 16.8697
104.2200 276.5376 16.8799
104.2400 264.1104 16.8910
104.2600 287.9291 16.9031
104.2800 296.6322 16.9163
104.3000 276.3402 16.9306
104.3200 292.8479 16.9462
104.3400 317.6911 16.9645
104.3600 296.2297 16.9832
104.3800 280.9201 17.0048
104.4000 289.3850 17.0272
104.4200 297.8481 17.0519
104.4400 274.0283 17.0792
104.4600 307.8276 17.1093
104.4800 275.1234 17.1428
104.5000 286.3179 17.1800
104.5200 315.0078 17.2217
104.5400 321.4572 17.2684
104.5600 307.2481 17.3211
104.5800 281.3627 17.3808
104.6000 300.2229 17.4488
104.6200 277.0272 17.5270
104.6400 306.5777 17.6177
104.6600 292.0486 17.7248
104.6800 314.2208 17.8546
104.7000 326.9611 18.0181
104.7200 336.1977 18.2343
104.7400 360.4122 18.5353
104.7600 374.0761 18.9707
104.7800 372.1984 19.6100
104.8000 423.1833 20.5367
104.8200 526.1396 21.8323
104.8400 494.6117 23.5508
104.8600 670.7927 25.6940
104.8800 778.7134 28.1973
104.9000 996.3651 30.9278
104.9200 1147.4741 33.6881
104.9400 1304.9482 36.2238
104.9600 1349.9570 38.2575
104.9800 1596.3908 39.5728
105.0000 1618.8299 40.0761
105.0200 1679.0686 39.7462
105.0400 1516.6361 38.5801
105.0600 1349.5492 36.6552
105.0800 1154.3379 34.1847
105.1000 1017.7579 31.4526
105.1200 846.5608 28.7239
105.1400 676.9744 26.2071
105.1600 586.2268 24.0469
105.1800 508.1402 22.3187
105.2000 451.0765 21.0297
105.2200 405.1978 20.1319
105.2400 393.0978 19.5489
105.2600 369.2006 19.2031
105.2800 377.5639 19.0373
105.3000 394.4704 19.0221
105.3200 334.7117 19.1555
105.3400 373.3875 19.4551
105.3600 375.0087 19.9454
105.3800 462.2372 20.6422
105.4000 488.6011 21.5375
105.4200 488.8632 22.5899
105.4400 591.4021 23.7238
105.4600 698.6761 24.8323
105.4800 639.0917 25.7860
105.5000 692.8815 26.4614
105.5200 722.0054 26.8072
105.5400 727.8705 26.8966
105.5600 664.6039 26.8846
105.5800 768.7350 26.9103
105.6000 733.8089 27.0329
105.6200 794.6042 27.2135
105.6400 737.1391 27.3286
105.6600 732.5676 27.2247
105.6800 707.3032 26.8183
105.7000 693.0697 26.1681
105.7200 613.2239 25.4451
105.7400 610.7526 24.8549
105.7600 622.7158 24.5823
105.7800 628.4214 24.7516
105.8000 670.6243 25.3958
105.8200 735.3650 26.4465
105.8400 746.9279 27.7532
105.8600 846.7921 29.1158
105.8800 955.7181 30.3160
105.9000 997.8940 31.1712
105.9200 1020.6844 31.6242
105.9400 999.6931 31.7872
105.9600 1017.6052 31.8561
105.9800 1056.1598 31.9796
106.0000 1009.4064 32.1843
106.0200 1064.9857 32.3634
106.0400 1048.6630 32.3174
106.0600 1048.6452 31.8568
106.0800 973.5650 30.9147
106.1000 882.0754 29.5648
106.1200 806.9519 27.9625
106.1400 706.9081 26.2909
106.1600 589.8963 24.7253
106.1800 500.8447 23.4056
106.2000 482.5786 22.4153
106.2200 511.0204 21.7682
106.2400 445.6970 21.4112
106.2600 436.8072 21.2403
106.2800 460.7341 21.1288
106.3000 449.5741 20.9640
106.3200 411.6978 20.6878
106.3400 394.4490 20.3091
106.3600 376.3183 19.8753
106.3800 369.8918 19.4386
106.4000 392.2437 19.0413
106.4200 351.0120 18.7109
106.4400 335.2646 18.4608
106.4600 316.3593 18.2920
106.4800 342.3744 18.1983
106.5000 340.5939 18.1715
106.5200 317.6097 18.2070
106.5400 339.4974 18.3091
106.5600 357.9381 18.4954
106.5800 338.1174 18.7994
106.6000 378.4090 19.2721
106.6200 391.7733 19.9766
106.6400 427.7881 20.9762
106.6600 497.4183 22.3151
106.6800 602.7187 23.9990
106.7000 674.5473 25.9827
106.7200 760.7052 28.1681
106.7400 935.7209 30.4052
106.7600 1051.4876 32.4980
106.7800 1193.9834 34.2237
106.8000 1214.2236 35.3977
106.8200 1241.9620 35.9441
106.8400 1296.4362 35.8765
106.8600 1272.9385 35.2115
106.8800 1164.0102 33.9574
106.9000 1021.8668 32.1905
106.9200 932.6459 30.0848
106.9400 794.2876 27.8525
106.9600 628.7615 25.6816
106.9800 575.2567 23.7136
107.0000 479.0629 22.0399
107.0200 421.5513 20.7008
107.0400 342.1657 19.6888
107.0600 365.0648 18.9600
107.0800 346.0796 18.4526
107.1000 346.7312 18.1038
107.1200 330.4083 17.8612
107.1400 327.5104 17.6867
107.1600 284.2342 17.5551
107.1800 326.1055 17.4510
107.2000 313.0987 17.3655
107.2200 321.2892 17.2932
107.2400 275.5498 17.2312
107.2600 269.3064 17.1771
107.2800 301.6569 17.1298
107.3000 267.6497 17.0883
107.3200 280.5608 17.0515
107.3400 287.9873 17.0190
107.3600 279.1599 16.9901
107.3800 292.0132 16.9644
107.4000 303.0424 16.9416
107.4200 274.9963 16.9212
107.4400 321.4697 16.9032
107.4600 288.4822 16.8873
107.4800 297.7071 16.8732
107.5000 274.8356 16.8610
107.5200 281.5927 16.8504
107.5400 245.4915 16.8414
107.5600 281.4544 16.8340
107.5800 292.1909 16.8328
107.6000 265.4126 16.8285
107.6200 312.5424 16.8257
107.6400 278.1195 16.8245
107.6600 269.5511 16.8296
107.6800 247.3280 16.8319
107.7000 254.5116 16.8362
107.7200 306.8917 16.8427
107.7400 285.0741 16.8517
107.7600 284.1114 16.8635
107.7800 273.8709 16.8786
107.8000 269.0626 16.8979
107.8200 295.9891 16.9226
107.8400 284.5900 16.9548
107.8600 287.2988 16.9982
107.8800 305.6742 17.0591
107.9000 285.1078 17.1480
107.9200 314.6660 17.2812
107.9400 318.4944 17.4821
107.9600 304.0454 17.7802
107.9800 319.1301 18.2079
108.0000 338.5424 18.7931
108.0200 398.0551 19.5490
108.0400 443.1052 20.4646
108.0600 467.2127 21.4987
108.0800 489.9582 22.5750
108.1000 572.4999 23.5877
108.1200 579.8396 24.4091
108.1400 638.7242 24.9189
108.1600 653.0905 25.0421
108.1800 595.3242 24.7647
108.2000 599.0172 24.1278
108.2200 550.4704 23.2236
108.2400 503.3763 22.1750
108.2600 459.7228 21.1025
108.2800 414.8030 20.1021
108.3000 356.2413 19.2371
108.3200 345.5441 18.5357
108.3400 319.0431 18.0012
108.3600 306.1878 17.6160
108.3800 303.9201 17.3473
108.4000 291.9801 17.1648
108.4200 305.0451 17.0412
108.4400 281.9969 16.9558
108.4600 267.2057 16.8944
108.4800 292.8409 16.8479
108.5000 290.0714 16.8111
108.5200 313.9397 16.7809
108.5400 304.3981 16.7553
108.5600 300.6774 16.7334
108.5800 292.5604 16.7145
108.6000 294.1025 16.6934
108.6200 249.1934 16.6790
108.6400 272.0012 16.6674
108.6600 290.0287 16.6564
108.6800 269.8762 16.6420
108.7000 286.6185 16.6338
108.7200 257.7606 16.6276
108.7400 282.3578 16.6218
108.7600 335.6830 16.6173
108.7800 277.3995 16.6141
108.8000 280.1595 16.6126
108.8200 267.5968 16.6134
108.8400 274.8950 16.6218
108.8600 286.4439 16.6310
108.8800 255.5348 16.6479
108.9000 259.6873 16.6760
108.9200 265.4436 16.7196
108.9400 293.4331 16.7830
108.9600 253.9018 16.8693
108.9800 305.5910 16.9790
109.0000 276.0083 17.1088
109.0200 324.6724 17.2499
109.0400 311.4215 17.3878
109.0600 307.0331 17.5017
109.0800 321.5831 17.5681
109.1000 338.7184 17.5692
109.1200 315.7840 17.5041
109.1400 301.3223 17.3892
109.1600 305.7276 17.2479
109.1800 306.2914 17.0992
109.2000 268.3065 16.9626
109.2200 289.2014 16.8453
109.2400 267.2349 16.7512
109.2600 301.8005 16.6811
109.2800 261.3542 16.6348
109.3000 267.5776 16.6005
109.3200 258.9752 16.5765
109.3400 289.7967 16.5580
109.3600 275.5744 16.5468
109.3800 295.0783 16.5387
109.4000 256.8432 16.5325
109.4200 270.9653 16.5276
109.4400 283.9423 16.5235
109.4600 299.0242 16.5199
109.4800 245.4661 16.5169
109.5000 242.3323 16.5188
109.5200 283.9706 16.5165
109.5400 263.4155 16.5145
109.5600 255.2375 16.5126
109.5800 254.9213 16.5110
109.6000 301.4384 16.5061
109.6200 285.4855 16.5049
109.6400 291.7410 16.5038
109.6600 275.4177 16.5029
109.6800 296.0628 16.5021
109.7000 273.9718 16.5014
109.7200 288.4006 16.5008
109.7400 296.8370 16.4969
109.7600 292.9151 16.4966
109.7800 263.0112 16.4963
109.8000 282.9483 16.4955
109.8200 269.7629 16.4954
109.8400 268.2649 16.4955
109.8600 289.8598 16.4956
109.8800 304.3956 16.4958
109.9000 267.6379 16.4961
109.9200 292.2117 16.4965
109.9400 282.8858 16.4969
109.9600 281.1946 16.4975
109.9800 268.0672 16.4981
110.0000 291.0356 16.4981
110.0200 265.3216 16.4989
110.0400 302.2249 16.4998
110.0600 278.6307 16.5008
110.0800 273.9990 16.5019
110.1000 292.3648 16.5031
110.1200 290.1002 16.5043
110.1400 274.9601 16.5057
110.1600 262.0505 16.5072
110.1800 273.9319 16.5088
110.2000 256.0142 16.5105
110.2200 269.8086 16.5123
110.2400 282.8010 16.5143
110.2600 245.4494 16.5163
110.2800 274.3934 16.5185
110.3000 268.6854 16.5209
110.3200 279.8694 16.5234
110.3400 250.6987 16.5260
110.3600 275.7433 16.5290
110.3800 260.0369 16.5320
110.4000 277.5487 16.5397
110.4200 279.5534 16.5431
110.4400 261.2059 16.5467
110.4600 313.2713 16.5506
110.4800 260.5532 16.5546
110.5000 245.2325 16.5589
110.5200 276.3852 16.5634
110.5400 289.8429 16.5691
110.5600 260.8273 16.5743
110.5800 273.1208 16.5798
110.6000 265.7768 16.5857
110.6200 262.9706 16.5883
110.6400 257.8628 16.5950
110.6600 244.4162 16.6021
110.6800 280.2962 16.6096
110.7000 281.2658 16.6176
110.7200 292.0060 16.6261
110.7400 289.0357 16.6352
110.7600 261.4157 16.6449
110.7800 291.2964 16.6553
110.8000 291.3605 16.6664
110.8200 288.8465 16.6783
110.8400 318.4183 16.6911
110.8600 244.4002 16.7049
110.8800 314.8560 16.7197
110.9000 267.9513 16.7357
110.9200 278.4348 16.7530
110.9400 259.3609 16.7718
110.9600 275.2650 16.7921
110.9800 300.2942 16.8143
111.0000 284.8159 16.8384
111.0200 280.9568 16.8648
111.0400 273.4068 16.8937
111.0600 306.5304 16.9255
111.0800 282.2172 16.9605
111.1000 283.4158 16.9993
111.1200 289.9177 17.0423
111.1400 264.0580 17.0903
111.1600 292.2606 17.1441
111.1800 298.8227 17.2045
111.2000 289.6736 17.2729
111.2200 304.1854 17.3511
111.2400 288.2376 17.4415
111.2600 330.1648 17.5480
111.2800 303.8096 17.6771
111.3000 327.6684 17.8393
111.3200 325.6080 18.0519
111.3400 357.1904 18.3415
111.3600 367.8116 18.7466
111.3800 367.4106 19.3178
111.4000 419.0178 20.1133
111.4200 438.1076 21.1889
111.4400 459.4166 22.5836
111.4600 627.1819 24.3052
111.4800 683.1009 26.3223
111.5000 758.7214 28.5615
111.5200 950.1791 30.9107
111.5400 1150.1937 33.2196
111.5600 1257.1236 35.3062
111.5800 1456.6748 36.9836
111.6000 1456.1862 38.1207
111.6200 1589.1529 38.6858
111.6400 1432.7813 38.7085
111.6600 1479.7599 38.2022
111.6800 1399.1052 37.1495
111.7000 1245.6805 35.5681
111.7200 1105.5977 33.5681
111.7400 919.3557 31.3226
111.7600 896.3425 29.0157
111.7800 679.4395 26.8020
111.8000 625.0455 24.7993
111.8200 549.1085 23.0875
111.8400 445.2803 21.7076
111.8600 462.1645 20.6631
111.8800 382.9248 19.9277
111.9000 359.0415 19.4589
111.9200 350.2669 19.2111
111.9400 383.6263 19.1447
111.9600 364.3778 19.2293
111.9800 348.2834 19.4357
112.0000 411.3264 19.7373
112.0200 377.2967 20.1038
112.0400 443.1421 20.4938
112.0600 438.1005 20.8570
112.0800 424.1471 21.1378
112.1000 457.1315 21.2906
112.1200 486.9907 21.3062
112.1400 448.6421 21.2284
112.1600 433.2365 21.1415
112.1800 450.4800 21.1439
112.2000 482.0749 21.3275
112.2200 440.6494 21.7624
112.2400 512.2248 22.4843
112.2600 554.6497 23.4850
112.2800 591.4953 24.7102
112.3000 681.6599 26.0645
112.3200 742.3842 27.4206
112.3400 777.0484 28.6256
112.3600 858.2498 29.5297
112.3800 966.4657 30.0144
112.4000 887.7578 30.0242
112.4200 904.6986 29.5659
112.4400 832.3455 28.6957
112.4600 768.4907 27.5144
112.4800 688.2105 26.1561
112.5000 605.5769 24.7621
112.5200 549.3687 23.4576
112.5400 517.2224 22.3416
112.5600 454.2630 21.4831
112.5800 408.9672 20.9218
112.6000 403.6261 20.6622
112.6200 396.7886 20.6877
112.6400 435.8218 20.9615
112.6600 468.7202 21.4347
112.6800 488.9120 22.0514
112.7000 519.4075 22.7520
112.7200 520.7057 23.4774
112.7400 622.0522 24.1820
112.7600 600.2168 24.8529
112.7800 648.8127 25.5169
112.8000 690.0978 26.2179
112.8200 763.2691 26.9904
112.8400 769.1208 27.8515
112.8600 818.8785 28.8000
112.8800 862.5453 29.8027
112.9000 906.3687 30.7755
112.9200 990.4140 31.5794
112.9400 1015.9706 32.0395
112.9600 1012.0761 32.0007
112.9800 984.2740 31.4039
113.0000 919.6602 30.3170
113.0200 849.2811 28.8912
113.0400 723.9426 27.2954
113.0600 669.8717 25.6813
113.0800 571.8907 24.1747
113.1000 515.7926 22.8729
113.1200 469.3273 21.8423
113.1400 476.1879 21.1198
113.1600 413.1520 20.7200
113.1800 427.8134 20.6484
113.2000 417.7286 20.9138
113.2200 450.7644 21.5321
113.2400 540.1765 22.5203
113.2600 606.9776 23.8813
113.2800 665.3628 25.5885
113.3000 752.2250 27.5758
113.3200 874.7841 29.7363
113.3400 1013.5235 31.9275
113.3600 1228.2844 33.9748
113.3800 1252.6911 35.6763
113.4000 1389.8081 36.8230
113.4200 1354.0051 37.2559
113.4400 1405.6166 36.9448
113.4600 1323.1230 36.0215
113.4800 1153.4974 34.7310
113.5000 1160.5876 33.3537
113.5200 1080.5142 32.1471
113.5400 954.3596 31.3082
113.5600 965.8122 30.9405
113.5800 1015.0864 31.0310
113.6000 937.6037 31.4530
113.6200 1052.4119 31.9927
113.6400 1068.2703 32.3937
113.6600 1059.3939 32.4189
113.6800 1083.1573 31.9293
113.7000 966.3914 30.9292
113.7200 847.0522 29.5342
113.7400 808.6520 27.9008
113.7600 680.5228 26.1795
113.7800 598.5880 24.4983
113.8000 557.8412 22.9582
113.8200 428.6825 21.6284
113.8400 424.9898 20.5428
113.8600 344.8934 19.7009
113.8800 354.6717 19.0762
113.9000 355.0050 18.6273
113.9200 304.4187 18.3104
113.9400 313.6194 18.0866
113.9600 337.6527 17.9260
113.9800 311.3477 17.8076
114.0000 294.0716 17.7178
114.0200 304.8911 17.6482
114.0400 308.1330 17.5936
114.0600 302.0797 17.5512
114.0800 273.0001 17.5192
114.1000 315.0958 17.4965
114.1200 313.7419 17.4826
114.1400 284.8888 17.4770
114.1600 297.0195 17.4798
114.1800 291.3017 17.4912
114.2000 312.6282 17.5115
114.2200 323.5571 17.5415
114.2400 314.6085 17.5826
114.2600 319.3685 17.6368
114.2800 303.8213 17.7077
114.3000 283.3335 17.8011
114.3200 335.0620 17.9266
114.3400 315.0730 18.0994
114.3600 318.7552 18.3422
114.3800 317.4942 18.6864
114.4000 358.0837 19.1714
114.4200 371.1548 19.8407
114.4400 451.4043 20.7373
114.4600 493.1505 21.8788
114.4800 593.7181 23.2690
114.5000 610.8698 24.8777
114.5200 655.3835 26.6447
114.5400 819.4582 28.4831
114.5600 879.7812 30.2843
114.5800 1048.9293 31.9217
114.6000 1094.1920 33.2648
114.6200 1175.1830 34.2175
114.6400 1170.5047 34.7705
114.6600 1196.6433 35.0152
114.6800 1244.7230 35.0885
114.7000 1221.5832 35.0960
114.7200 1211.9053 35.0651
114.7400 1254.9158 34.9352
114.7600 1196.6081 34.5801
114.7800 1100.5529 33.8696
114.8000 1121.2031 32.7473
114.8200 964.6646 31.2624
114.8400 865.2978 29.5326
114.8600 791.1771 27.6910
114.8800 683.9546 25.8576
114.9000 611.0241 24.1322
114.9200 507.2699 22.5912
114.9400 439.8895 21.2833
114.9600 419.4023 20.2266
114.9800 357.4690 19.4106
115.0000 352.0033 18.8034
115.0200 365.9295 18.3629
115.0400 333.2477 18.0463
115.0600 326.6344 17.8169
115.0800 305.5424 17.6466
115.1000 300.8542 17.5157
115.1200 302.2689 17.4114
115.1400 318.9311 17.3254
115.1600 326.4393 17.2529
115.1800 308.0057 17.1907
115.2000 295.4475 17.1367
115.2200 281.4673 17.0897
115.2400 297.7805 17.0486
115.2600 277.0772 17.0127
115.2800 287.5688 16.9814
115.3000 261.7803 16.9542
115.3200 253.6091 16.9307
115.3400 265.2505 16.9107
115.3600 291.3938 16.8937
115.3800 286.5001 16.8797
115.4000 232.7395 16.8684
115.4200 288.6793 16.8598
115.4400 283.5450 16.8538
115.4600 262.9734 16.8504
115.4800 278.4534 16.8495
115.5000 282.2808 16.8556
115.5200 263.7919 16.8601
115.5400 274.4739 16.8673
115.5600 259.9675 16.8776
115.5800 264.8340 16.8911
115.6000 267.9734 16.9123
115.6200 314.7425 16.9287
115.6400 278.0257 16.9544
115.6600 277.1675 16.9855
115.6800 298.1557 17.0232
115.7000 309.7546 17.0694
115.7200 284.8850 17.1229
115.7400 297.2173 17.1977
115.7600 324.0845 17.2997
115.7800 305.3089 17.4373
115.8000 297.4364 17.6304
115.8200 319.6782 17.9030
115.8400 322.7233 18.2835
115.8600 335.0201 18.8013
115.8800 382.4311 19.4806
115.9000 399.2552 20.3328
115.9200 458.1680 21.3490
115.9400 545.6320 22.4969
115.9600 563.2848 23.7201
115.9800 611.0478 24.9399
116.0000 714.1254 26.0579
116.0200 737.0003 26.9604
116.0400 721.8236 27.5345
116.0600 777.0444 27.7062
116.0800 723.3001 27.4838
116.1000 720.7386 26.9647
116.1200 686.4936 26.2995
116.1400 636.7498 25.6468
116.1600 636.1740 25.1443
116.1800 589.4961 24.8896
116.2000 666.0964 24.9281
116.2200 632.4596 25.2423
116.2400 632.5998 25.7570
116.2600 676.8800 26.3521
116.2800 753.2696 26.8796
116.3000 749.1275 27.1887
116.3200 752.1794 27.1651
116.3400 740.8030 26.7725
116.3600 689.6645 26.0609
116.3800 696.4542 25.1331
116.4000 574.8177 24.1055
116.4200 532.2349 23.0858
116.4400 534.1004 22.1661
116.4600 473.5707 21.4212
116.4800 409.3454 20.9074
116.5000 414.8938 20.6543
116.5200 438.9065 20.6679
116.5400 398.2809 20.9369
116.5600 455.0324 21.4288
116.5800 471.4388 22.1005
116.6000 492.3917 22.9027
116.6200 539.6578 23.7821
116.6400 587.2512 24.6764
116.6600 616.0568 25.5077
116.6800 676.2364 26.1835
116.7000 699.0842 26.6087
116.7200 676.9092 26.7159
116.7400 698.0431 26.4957
116.7600 669.6526 26.0029
116.7800 628.7183 25.3378
116.8000 604.3978 24.6210
116.8200 561.7726 23.9716
116.8400 602.4412 23.4896
116.8600 526.5456 23.2409
116.8800 533.9441 23.2489
116.9000 557.8533 23.4872
116.9200 595.1796 23.8865
116.9400 566.0195 24.3441
116.9600 642.3292 24.7390
116.9800 609.6164 24.9481
117.0000 584.7621 24.8804
117.0200 617.7585 24.5081
117.0400 564.5490 23.8713
117.0600 519.1389 23.0501
117.0800 468.9124 22.1292
117.1000 415.5341 21.1931
117.1200 377.2252 20.3014
117.1400 372.6925 19.5001
117.1600 320.3261 18.8173
117.1800 315.0509 18.2628
117.2000 288.7002 17.8317
117.2200 328.0377 17.5082
117.2400 295.4828 17.2715
117.2600 287.7436 17.1003
117.2800 309.2852 16.9760
117.3000 294.5494 16.8840
117.3200 293.4934 16.8137
117.3400 288.0868 16.7580
117.3600 270.9065 16.7121
117.3800 292.2990 16.6733
117.4000 267.6026 16.6397
117.4200 285.4763 16.6101
117.4400 260.5214 16.5839
117.4600 286.5256 16.5604
117.4800 253.5252 16.5392
117.5000 280.8957 16.5201
117.5200 275.6531 16.5028
117.5400 257.3294 16.4872
117.5600 256.2271 16.4717
117.5800 263.3537 16.4539
117.6000 297.0098 16.4410
117.6200 277.3379 16.4302
117.6400 247.6273 16.4204
117.6600 270.0889 16.4114
117.6800 271.6579 16.4031
117.7000 236.1400 16.3956
117.7200 291.4655 16.3888
117.7400 250.2012 16.3825
117.7600 267.3717 16.3768
117.7800 285.3147 16.3717
117.8000 298.0614 16.3671
117.8200 262.5297 16.3629
117.8400 264.4901 16.3546
117.8600 250.1879 16.3514
117.8800 270.8035 16.3486
117.9000 237.9454 16.3463
117.9200 258.9680 16.3443
117.9400 259.4239 16.3428
117.9600 288.8391 16.3416
117.9800 267.9039 16.3408
118.0000 276.5242 16.3405
118.0200 269.5193 16.3405
118.0400 257.3460 16.3409
118.0600 289.2338 16.3417
118.0800 275.8484 16.3429
118.1000 251.9836 16.3446
118.1200 266.5879 16.3467
118.1400 274.3362 16.3492
118.1600 256.8643 16.3523
118.1800 280.7647 16.3558
118.2000 273.0543 16.3599
118.2200 278.7641 16.3646
118.2400 267.4495 16.3699
118.2600 279.8376 16.3759
118.2800 274.9285 16.3826
118.3000 268.3566 16.3900
118.3200 276.6446 16.3984
118.3400 273.7517 16.4076
118.3600 271.9371 16.4179
118.3800 246.3088 16.4293
118.4000 291.3224 16.4420
118.4200 266.4781 16.4560
118.4400 256.8863 16.4717
118.4600 286.0703 16.4891
118.4800 294.1534 16.5084
118.5000 254.2905 16.5301
118.5200 264.5602 16.5543
118.5400 298.4930 16.5814
118.5600 260.5016 16.6120
118.5800 259.2765 16.6466
118.6000 282.3030 16.6861
118.6200 282.6015 16.7316
118.6400 267.8710 16.7849
118.6600 275.7518 16.8487
118.6800 277.2069 16.9275
118.7000 318.7674 17.0281
118.7200 284.6206 17.1614
118.7400 309.4357 17.3434
118.7600 322.4347 17.5953
118.7800 310.7759 17.9454
118.8000 347.3789 18.4261
118.8200 395.3755 19.0693
118.8400 381.6192 19.9009
118.8600 413.0872 20.9279
118.8800 462.7402 22.1477
118.9000 519.0407 23.5220
118.9200 627.3610 24.9924
118.9400 757.6473 26.4791
118.9600 775.4911 27.8817
118.9800 823.7809 29.0826
119.0000 837.9635 29.9522
119.0200 924.4786 30.3721
119.0400 919.9102 30.2731
119.0600 886.1838 29.6770
119.0800 801.5806 28.6722
119.1000 751.3106 27.3857
119.1200 692.1688 25.9444
119.1400 576.6674 24.4598
119.1600 527.0931 23.0246
119.1800 447.3953 21.7111
119.2000 422.0377 20.5688
119.2200 399.4859 19.6228
119.2400 383.6174 18.8746
119.2600 365.9938 18.3068
119.2800 343.2117 17.8906
119.3000 333.8611 17.5930
119.3200 286.1762 17.3832
119.3400 333.4863 17.2355
119.3600 300.5131 17.1307
119.3800 301.7252 17.0550
119.4000 237.3869 16.9997
119.4200 307.8953 16.9587
119.4400 261.1075 16.9286
119.4600 295.8690 16.9068
119.4800 296.4293 16.8919
119.5000 289.2539 16.8827
119.5200 309.5471 16.8782
119.5400 325.8613 16.8782
119.5600 264.8943 16.8827
119.5800 245.1905 16.8919
119.6000 297.8963 16.9065
119.6200 295.5144 16.9268
119.6400 297.8028 16.9530
119.6600 302.7001 16.9851
119.6800 279.2485 17.0225
119.7000 280.5107 17.0645
119.7200 277.0692 17.1102
119.7400 321.3616 17.1590
119.7600 280.8046 17.2109
119.7800 290.5770 17.2675
119.8000 343.0777 17.3319
119.8200 298.5983 17.4086
119.8400 286.8252 17.5037
119.8600 333.8683 17.6252
119.8800 311.6158 17.7850
119.9000 347.4842 17.9994
119.9200 310.6753 18.2904
119.9400 366.4928 18.6866
119.9600 384.8455 19.2217
119.9800 384.6299 19.9314
120.0000 425.0259 20.8479
120.0200 510.3806 21.9935
120.0400 557.4106 23.3741
120.0600 642.2339 24.9750
120.0800 695.5938 26.7592
120.1000 821.9092 28.6687
120.1200 920.1189 30.6247
120.1400 1013.7896 32.5290
120.1600 1101.6051 34.2679
120.1800 1291.2062 35.7278
120.2000 1380.8736 36.8229
120.2200 1353.6779 37.5199
120.2400 1380.6192 37.8314
120.2600 1426.8615 37.7824
120.2800 1365.3035 37.3888
120.3000 1336.1135 36.6708
120.3200 1261.2139 35.6836
120.3400 1090.3777 34.5241
120.3600 1138.9123 33.3062
120.3800 1037.9633 32.1273
120.4000 957.1872 31.0389
120.4200 862.6124 30.0522
120.4400 849.0878 29.1278
120.4600 805.1432 28.2039
120.4800 754.1773 27.2271
120.5000 686.9474 26.1792
120.5200 635.2515 25.0786
120.5400 544.0083 23.9657
120.5600 498.2634 22.8794
120.5800 531.6126 21.8587
120.6000 456.3806 20.9342
120.6200 431.7239 20.1280
120.6400 380.0444 19.4524
120.6600 366.7319 18.9095
120.6800 364.4618 18.4916
120.7000 325.5946 18.1813
120.7200 297.9398 17.9642
120.7400 334.6781 17.8169
120.7600 303.8872 17.7189
120.7800 339.8605 17.6512
120.8000 277.1754 17.5974
120.8200 326.2774 17.5447
120.8400 298.2284 17.4854
120.8600 305.1787 17.4189
120.8800 316.6221 17.3501
120.9000 341.7551 17.2867
120.9200 295.8391 17.2367
120.9400 316.2632 17.2070
120.9600 312.1885 17.2020
120.9800 305.9199 17.2232
121.0000 279.9825 17.2733
121.0200 291.7637 17.3402
121.0400 319.8713 17.4192
121.0600 308.3320 17.4988
121.0800 317.2073 17.5651
121.1000 296.2252 17.6036
121.1200 323.5899 17.6013
121.1400 326.3233 17.5592
121.1600 278.8422 17.4807
121.1800 281.1816 17.3801
121.2000 299.2078 17.2756
121.2200 301.6967 17.1759
121.2400 317.5709 17.0964
121.2600 283.9527 17.0466
121.2800 303.9056 17.0325
121.3000 309.8693 17.0562
121.3200 303.3721 17.1159
121.3400 279.2289 17.2056
121.3600 291.1439 17.3154
121.3800 286.7197 17.4319
121.4000 319.1086 17.5384
121.4200 289.8988 17.6143
121.4400 314.2920 17.6468
121.4600 306.7252 17.6234
121.4800 273.5419 17.5452
121.5000 286.7169 17.4228
121.5200 296.4061 17.2721
121.5400 317.4364 17.1086
121.5600 304.1984 16.9455
121.5800 306.8636 16.7924
121.6000 285.3570 16.6555
121.6200 273.7212 16.5385
121.6400 239.5255 16.4421
121.6600 294.9056 16.3653
121.6800 244.9993 16.3058
121.7000 289.5781 16.2604
121.7200 269.9766 16.2262
121.7400 284.5840 16.2004
121.7600 271.2984 16.1805
121.7800 260.3336 16.1650
121.8000 259.6095 16.1523
121.8200 237.3899 16.1418
121.8400 242.8934 16.1326
121.8600 260.2623 16.1245
121.8800 253.0380 16.1172
121.9000 268.5153 16.1106
121.9200 250.0156 16.1044
121.9400 251.7168 16.0987
121.9600 267.0528 16.0934
121.9800 276.9010 16.0885
122.0000 262.3774 16.0838
122.0200 244.2795 16.0794
122.0400 266.7213 16.0753
122.0600 247.4526 16.0714
122.0800 259.0984 16.0677
122.1000 281.5280 16.0641
122.1200 254.7895 16.0608
122.1400 275.2402 16.0576
122.1600 247.2868 16.0546
122.1800 266.2383 16.0517
122.2000 260.0856 16.0490
122.2200 255.1727 16.0463
122.2400 264.4302 16.0438
122.2600 253.8589 16.0414
122.2800 257.8451 16.0391
122.3000 259.3396 16.0369
122.3200 273.6402 16.0348
122.3400 254.1097 16.0328
122.3600 275.8818 16.0308
122.3800 249.2912 16.0290
122.4000 249.0513 16.0272
122.4200 271.1413 16.0255
122.4400 232.9040 16.0239
122.4600 239.6859 16.0224
122.4800 243.4569 16.0209
122.5000 218.2184 16.0195
122.5200 265.5173 16.0182
122.5400 260.5609 16.0169
122.5600 244.5687 16.0157
122.5800 262.4443 16.0146
122.6000 267.1458 16.0135
122.6200 236.4218 16.0125
122.6400 256.0622 16.0116
122.6600 264.0856 16.0107
122.6800 242.4141 16.0099
122.7000 272.2103 16.0092
122.7200 235.1219 16.0086
122.7400 257.2520 16.0080
122.7600 255.7404 16.0075
122.7800 279.7717 16.0070
122.8000 259.4581 16.0067
122.8200 256.2426 16.0064
122.8400 262.3210 16.0062
122.8600 263.4616 16.0061
122.8800 247.6398 16.0060
122.9000 275.4666 16.0067
122.9200 259.1341 16.0068
122.9400 256.0436 16.0071
122.9600 260.5005 16.0075
122.9800 248.7988 16.0080
123.0000 284.6426 16.0086
123.0200 258.4112 16.0094
123.0400 248.6370 16.0103
123.0600 297.5804 16.0114
123.0800 246.9775 16.0126
123.1000 232.9570 16.0140
123.1200 278.5900 16.0156
123.1400 260.9780 16.0175
123.1600 244.8378 16.0226
123.1800 254.8160 16.0249
123.2000 247.8951 16.0305
123.2200 226.9012 16.0335
123.2400 242.4033 16.0397
123.2600 231.1767 16.0435
123.2800 256.3787 16.0491
123.3000 296.3883 16.0539
123.3200 254.9648 16.0593
123.3400 242.5899 16.0655
123.3600 244.4157 16.0787
123.3800 254.4259 16.0872
123.4000 259.4759 16.0974
123.4200 248.3751 16.1101
123.4400 252.1325 16.1261
123.4600 287.1728 16.1469
123.4800 257.5303 16.1744
123.5000 234.1970 16.2109
123.5200 271.8247 16.2595
123.5400 278.9977 16.3246
123.5600 297.8568 16.4071
123.5800 246.9775 16.5110
123.6000 288.6657 16.6383
123.6200 297.7383 16.7848
123.6400 281.0559 16.9574
123.6600 285.2613 17.1475
123.6800 321.7506 17.3479
123.7000 288.3767 17.5489
123.7200 301.8965 17.7383
123.7400 304.2736 17.9022
123.7600 337.5513 18.0291
123.7800 343.2247 18.1140
123.8000 314.2426 18.1623
123.8200 317.3820 18.1890
123.8400 360.8500 18.2131
123.8600 329.1664 18.2515
123.8800 373.3442 18.3157
123.9000 338.8393 18.4098
123.9200 355.9583 18.5301
123.9400 351.6855 18.6654
123.9600 363.8143 18.7976
123.9800 333.9032 18.9062
124.0000 343.8306 18.9731
124.0200 334.4099 18.9898
124.0400 335.2597 18.9576
124.0600 330.1849 18.8838
124.0800 360.2404 18.7755
124.1000 348.8059 18.6356
124.1200 339.0502 18.4643
124.1400 328.5800 18.2627
124.1600 336.9609 18.0366
124.1800 340.8294 17.7962
124.2000 298.0454 17.5544
124.2200 293.9289 17.3223
124.2400 307.6301 17.1084
124.2600 278.5380 16.9181
124.2800 286.6019 16.7539
124.3000 291.3377 16.6164
124.3200 276.0582 16.5044
124.3400 272.0718 16.4156
124.3600 256.9522 16.3469
124.3800 279.6454 16.2949
124.4000 281.6728 16.2563
124.4200 274.4025 16.2282
124.4400 256.7079 16.2080
124.4600 255.2330 16.1938
124.4800 245.3960 16.1840
124.5000 243.4493 16.1777
124.5200 223.3583 16.1741
124.5400 282.0201 16.1728
124.5600 269.3100 16.1735
124.5800 264.0044 16.1760
124.6000 244.1121 16.1801
124.6200 266.6785 16.1856
124.6400 244.4834 16.1925
124.6600 251.5446 16.2004
124.6800 263.5869 16.2089
124.7000 288.8231 16.2177
124.7200 258.0857 16.2263
124.7400 282.7890 16.2344
124.7600 244.9206 16.2416
124.7800 273.9947 16.2483
124.8000 213.4424 16.2546
124.8200 248.9522 16.2611
124.8400 232.5931 16.2684
124.8600 268.0724 16.2769
124.8800 274.3941 16.2871
124.9000 241.6567 16.2947
124.9200 300.0909 16.3091
124.9400 264.5806 16.3261
124.9600 269.4410 16.3459
124.9800 255.0375 16.3692
125.0000 268.1006 16.3922
125.0200 246.8513 16.4244
125.0400 244.1850 16.4628
125.0600 287.7957 16.5095
125.0800 261.5662 16.5670
125.1000 285.3308 16.6387
125.1200 276.0194 16.7289
125.1400 297.1055 16.8424
125.1600 296.7420 16.9845
125.1800 299.7466 17.1603
125.2000 301.1093 17.3725
125.2200 307.8880 17.6284
125.2400 290.1332 17.9273
125.2600 300.1007 18.2684
125.2800 359.9357 18.6487
125.3000 364.3088 19.0626
125.3200 392.3129 19.5028
125.3400 389.0728 19.9603
125.3600 439.2933 20.4262
125.3800 424.2009 20.8956
125.4000 459.5026 21.3705
125.4200 445.4628 21.8616
125.4400 502.3699 22.3855
125.4600 540.1541 22.9578
125.4800 523.1400 23.5863
125.5000 606.2778 24.2660
125.5200 610.5652 24.9771
125.5400 671.1451 25.6856
125.5600 710.6096 26.3460
125.5800 720.8730 26.9087
125.6000 741.0271 27.3333
125.6200 785.2157 27.6041
125.6400 822.6658 27.7368
125.6600 735.4503 27.7698
125.6800 806.9548 27.7450
125.7000 815.4319 27.6911
125.7200 762.4362 27.6147
125.7400 784.1025 27.4983
125.7600 766.5667 27.3058
125.7800 745.1586 26.9944
125.8000 754.9171 26.5333
125.8200 715.7418 25.9188
125.8400 645.6426 25.1758
125.8600 567.1395 24.3474
125.8800 546.0273 23.4817
125.9000 498.5145 22.6244
125.9200 505.1557 21.8156
125.9400 445.6482 21.0905
125.9600 392.0324 20.4779
125.9800 405.1353 20.0018
126.0000 381.6326 19.6805
126.0200 358.7232 19.5278
126.0400 394.6918 19.5530
126.0600 372.3372 19.7615
126.0800 436.0072 20.1538
126.1000 447.1528 20.7249
126.1200 487.2582 21.4620
126.1400 550.9653 22.3440
126.1600 512.5376 23.3405
126.1800 546.8060 24.4123
126.2000 707.2952 25.5127
126.2200 680.0010 26.5872
126.2400 773.9517 27.5750
126.2600 839.3766 28.4115
126.2800 844.1317 29.0378
126.3000 912.5928 29.4160
126.3200 871.2585 29.5470
126.3400 850.7748 29.4758
126.3600 861.0653 29.2785
126.3800 801.0902 29.0396
126.4000 860.2774 28.8317
126.4200 824.7069 28.7041
126.4400 842.5458 28.6768
126.4600 811.8640 28.7387
126.4800 845.6278 28.8487
126.5000 817.2685 28.9407
126.5200 860.9099 28.9345
126.5400 831.2588 28.7554
126.5600 775.2980 28.3554
126.5800 774.9028 27.7278
126.6000 715.5428 26.9030
126.6200 641.7798 25.9327
126.6400 614.8830 24.8747
126.6600 551.1421 23.7835
126.6800 514.2103 22.7071
126.7000 469.2466 21.6857
126.7200 439.3760 20.7509
126.7400 424.1992 19.9244
126.7600 387.0548 19.2174
126.7800 371.3091 18.6310
126.8000 349.5305 18.1580
126.8200 322.9307 17.7852
126.8400 313.1826 17.4964
126.8600 307.0469 17.2747
126.8800 294.9316 17.1046
126.9000 260.7122 16.9732
126.9200 295.4853 16.8698
126.9400 305.9828 16.7869
126.9600 280.6622 16.7186
126.9800 230.0016 16.6611
127.0000 261.2928 16.6118
127.0200 297.1740 16.5687
127.0400 259.6056 16.5306
127.0600 250.6911 16.4968
127.0800 288.6181 16.4664
127.1000 262.1048 16.4392
127.1200 286.9809 16.4146
127.1400 258.9031 16.3925
127.1600 249.8029 16.3725
127.1800 306.1035 16.3545
127.2000 270.5878 16.3383
127.2200 275.9739 16.3238
127.2400 276.7765 16.3107
127.2600 251.8672 16.2990
127.2800 270.6325 16.2887
127.3000 270.4167 16.2795
127.3200 254.6069 16.2714
127.3400 263.5121 16.2644
127.3600 276.7045 16.2585
127.3800 247.7131 16.2534
127.4000 253.9258 16.2493
127.4200 234.1014 16.2461
127.4400 256.4318 16.2437
127.4600 289.3345 16.2422
127.4800 266.4727 16.2414
127.5000 281.2900 16.2415
127.5200 266.2308 16.2424
127.5400 274.0694 16.2440
127.5600 290.7289 16.2464
127.5800 267.2299 16.2496
127.6000 245.5855 16.2536
127.6200 281.6392 16.2585
127.6400 265.9020 16.2641
127.6600 248.1724 16.2706
127.6800 295.3721 16.2780
127.7000 268.8437 16.2862
127.7200 263.1221 16.2955
127.7400 270.5639 16.3057
127.7600 272.6193 16.3169
127.7800 274.7603 16.3293
127.8000 256.4385 16.3427
127.8200 250.2455 16.3574
127.8400 259.9808 16.3734
127.8600 273.9662 16.3908
127.8800 260.0883 16.4097
127.9000 242.8908 16.4302
127.9200 275.7165 16.4524
127.9400 280.1021 16.4765
127.9600 294.8844 16.5027
127.9800 280.1968 16.5312
128.0000 280.1197 16.5623
128.0200 276.5941 16.5963
128.0400 268.2473 16.6338
128.0600 306.9260 16.6753
128.0800 293.2699 16.7217
128.1000 255.7245 16.7743
128.1200 266.2945 16.8344
128.1400 310.7548 16.9041
128.1600 265.0219 16.9858
128.1800 279.4793 17.0824
128.2000 309.4313 17.1972
128.2200 287.0884 17.3335
128.2400 293.3573 17.4947
128.2600 316.6184 17.6835
128.2800 322.4112 17.9020
128.3000 305.3893 18.1507
128.3200 296.4067 18.4290
128.3400 354.2298 18.7344
128.3600 362.3731 19.0633
128.3800 372.2332 19.4109
128.4000 414.8975 19.7721
128.4200 425.1834 20.1425
128.4400 416.9347 20.5206
128.4600 407.2830 20.9118
128.4800 446.0168 21.3317
128.5000 467.6462 21.8084
128.5200 510.6701 22.3790
128.5400 519.5331 23.0835
128.5600 566.4502 23.9574
128.5800 657.1451 25.0254
128.6000 694.4970 26.2984
128.6200 750.2892 27.7712
128.6400 863.0351 29.4235
128.6600 991.1978 31.2203
128.6800 1080.9089 33.1139
128.7000 1242.6328 35.0459
128.7200 1409.8860 36.9496
128.7400 1449.5360 38.7554
128.7600 1536.5033 40.3978
128.7800 1721.7857 41.8225
128.8000 1805.2736 42.9903
128.8200 1917.6317 43.8781
128.8400 1989.0990 44.4808
128.8600 2006.8879 44.8115
128.8800 2021.2342 44.8995
128.9000 2020.9814 44.7796
128.9200 1857.7250 44.4811
128.9400 1960.3321 44.0179
128.9600 1860.4219 43.3855
128.9800 1861.0313 42.5655
129.0000 1735.1777 41.5393
129.0200 1586.5368 40.3060
129.0400 1557.3947 38.8937
129.0600 1428.7590 37.3560
129.0800 1305.5626 35.7590
129.1000 1142.8672 34.1658
129.1200 980.9881 32.6281
129.1400 932.4254 31.1812
129.1600 845.5798 29.8421
129.1800 835.2204 28.6101
129.2000 747.0765 27.4707
129.2200 647.5323 26.4037
129.2400 617.7270 25.3927
129.2600 586.3800 24.4297
129.2800 583.1487 23.5153
129.3000 467.8072 22.6544
129.3200 472.0112 21.8530
129.3400 451.1612 21.1160
129.3600 426.7745 20.4471
129.3800 370.3929 19.8487
129.4000 347.2317 19.3212
129.4200 324.0380 18.8635
129.4400 315.7980 18.4721
129.4600 334.0738 18.1418
129.4800 295.7500 17.8660
129.5000 325.4208 17.6373
129.5200 351.8300 17.4480
129.5400 278.7921 17.2910
129.5600 301.9010 17.1597
129.5800 260.6471 17.0486
129.6000 293.1879 16.9534
129.6200 280.0331 16.8705
129.6400 279.7715 16.7973
129.6600 272.8046 16.7318
129.6800 284.6641 16.6726
129.7000 287.8715 16.6185
129.7200 290.5202 16.5690
129.7400 248.0189 16.5232
129.7600 256.2532 16.4808
129.7800 259.3525 16.4414
129.8000 287.8485 16.4046
129.8200 235.4872 16.3703
129.8400 252.9734 16.3382
129.8600 283.8398 16.3082
129.8800 244.9399 16.2799
129.9000 247.4149 16.2533
129.9200 268.7013 16.2283
129.9400 239.7226 16.2047
129.9600 277.0779 16.1824
129.9800 264.9781 16.1613
130.0000 264.7155 16.1413
